Fuel_Temperature_K,Cladding_Temperature_K,Moderator_Temperature_K,Moderator_Density_gcc,Boron_ppm,CR_Step,K_eff,standard_deviation,Compute_Time_sec
732.8056091129098,689.6068815814696,570.2424253972374,0.72729,243.519899412355,144,1.1144454611990664,0.0007547100403235741,53.55
681.7306758809286,631.4225073918853,557.2963999500694,0.75273,771.3123028691026,101,1.0219431489274526,0.0007084111629648212,61.69
520.3471743782205,587.4080589750417,583.3860815840455,0.69765,541.0573367432601,99,1.046100314721225,0.0007830035025317487,63.32
1092.8869644743932,611.9253962360481,580.119971498418,0.70546,857.9711148074681,151,1.0210269898883608,0.0007600675980209838,62.41
958.0310105895946,688.708033576042,522.2737132440119,0.80995,48.235535854027376,78,1.1129018142639924,0.0007201367050934388,61.54
858.7367777606091,645.4665160778319,578.5670460534891,0.70906,254.71945415963663,154,1.1090073692411926,0.0007054911699057981,63.38
588.1436531255337,676.6495110392623,530.5363222555416,0.79763,204.7610367682081,96,1.1118737546391542,0.0007950556883673058,60.96
1046.6112598417872,684.2835877065455,525.3214888895662,0.80548,899.9041469721851,228,1.035717882332963,0.0007101049200006376,60.08
746.2114186796822,576.9734362721986,552.4951321779199,0.76145,738.3346827877564,175,1.054146553003339,0.0007435351703513678,57.99
1030.770650187308,660.9218841890107,520.6971305082732,0.81224,1206.7519833994247,123,0.975374617381562,0.0007454154743988185,58.12
1174.6400861254042,628.9935523505238,555.5000209721518,0.75603,401.98288430675217,108,1.0663156843404538,0.0008157496775169763,61.38
1013.4559912292247,646.3122414908041,563.1902406955263,0.74152,1210.6979522332333,220,0.993335821924409,0.0007216877533035533,60.46
983.55480607434,696.0215545203771,549.5395371165812,0.76666,952.0095991294033,19,0.8936330536871233,0.0007837813438225467,59.91
914.6362739024252,656.549912015195,556.0409127778956,0.75504,654.3548123109517,185,1.0642240938644554,0.000720136275046052,61.04
581.0952786436876,566.085242668406,550.8854483393026,0.7643,1200.5283307937927,156,0.9960128731081018,0.0007932410303726308,58.57
531.8961799077232,584.2892470511035,514.7407165297788,0.82068,902.7355697790708,208,1.046759148942254,0.0006100495783017266,58.52
882.0878813599139,521.2375043758014,569.3333601427425,0.72918,827.6910982045091,201,1.0419970140251709,0.0008129438069601293,61.34
706.7836859502904,501.03956441798005,504.33868855286005,0.83479,565.357577446276,194,1.090910478241306,0.0007911714504468065,59.18
1066.8872104015695,557.4865964636531,550.4940788396628,0.76499,928.1421412797479,7,0.8916182781032929,0.000704798687002645,59.88
525.7710259849879,650.1117358275692,513.5343792628312,0.82236,1135.3497884484927,110,0.9898729614949023,0.000748123044113864,57.69
744.9091802227138,611.7090524621113,590.1037528267555,0.6804,633.9769749971988,238,1.0685256158387781,0.0007614881269313811,63.3
1146.3807597256532,570.6260107890756,549.4316824000882,0.76685,385.8748856180559,165,1.096556084846878,0.0007689242052572165,60.78
823.6243453141736,563.5023899735587,581.266863979824,0.70276,522.004907154109,237,1.0850508894985582,0.0007736802094611935,62.86
900.1451559437311,589.6615491885873,598.5439307906362,0.65576,802.6908093617701,158,1.0255968399222333,0.0008209453703227624,63.18
621.5528637378186,614.9774978318386,546.7004156718735,0.77155,767.0577385512073,22,0.9183468472867743,0.0007203432211698132,59.8
910.6344693058368,554.9376160142816,531.1441462782029,0.7967,921.7445288417622,61,0.9590640077178343,0.0007285535773102089,59.13
765.8053884193246,659.9835236874808,580.5308747453652,0.7045,1132.8383909762556,117,0.9821636282680157,0.0007415116413905094,61.84
989.2100167717213,691.1518181609833,509.56642911887405,0.8278,137.96077988821114,161,1.1507854519423748,0.0007753082004143794,60.91
1070.5799997822342,516.9195962686465,532.0841683541594,0.79525,973.6312216012947,197,1.0209175355773428,0.000739696647031941,59.14
804.726436448776,683.2720882078702,503.99766960867987,0.83524,905.5155284198083,130,1.022068721782938,0.0006993179044480301,57.69
529.9672189531817,563.1927410711523,578.0939401103283,0.71015,670.875659836236,192,1.0684316536245493,0.0007774703684478678,61.94
1056.0041676891033,634.4327510436399,555.9425109545045,0.75522,900.3373520366131,207,1.0302602946077304,0.0007238292146080831,60.63
901.1711261880969,550.5710375113812,579.3738794124831,0.7072,27.56231467157739,246,1.1614687068855367,0.0007697943702038049,64.13
836.4609244410065,666.8785207721169,521.172832034094,0.81155,758.3790911749081,33,0.9317914332177576,0.0007158251077656184,59.15
979.5311638862211,629.7717683549148,510.40256362045915,0.82666,674.5819297073599,51,0.9738817380834411,0.0006968394377765526,58.69
866.9170246503122,555.992747062191,537.4305123454,0.78685,234.8023623559778,189,1.136835976677868,0.0007768144949900072,60.81
534.8081980398554,665.9328330113223,500.19027300052824,0.8402,65.5241650120251,16,1.021619903760347,0.0008181482530591979,60.04
1056.9577595601345,593.6980084037292,557.8392199617333,0.75172,486.4672145695319,168,1.079760494614032,0.0007371193245897279,61.27
949.6001796302772,522.0618744950543,554.6694603437337,0.75754,275.445065907281,174,1.1193488486571193,0.0006597508814512738,61.16
562.1171004630187,636.1889405484536,519.0481903421237,0.8146,909.2572763326701,202,1.0422178183411763,0.0007234325559284443,59.93
1112.1148369989178,573.2369782475705,551.0788219249903,0.76396,947.8787307867665,55,0.9359530490506317,0.0008111957724122354,60.13
773.1200752136319,512.1514427255457,517.8929474763568,0.81625,282.0250818585896,62,1.05504266990423,0.0007550717323202321,60.12
1130.4328018508625,507.9581837374879,556.6070429241677,0.754,413.2819516150168,35,0.9491565165856755,0.0007648773997891808,61.46
886.3310671544106,576.3357715748041,569.7280067355636,0.72836,1155.3460604595293,18,0.8686779777916549,0.0007330038802130278,60.83
507.27881459591345,696.6024037750815,585.3858862461112,0.69269,488.25061082518164,206,1.093768198557722,0.0006661890014563433,64.03
723.5398586053834,573.1402409350846,529.2376848775408,0.79961,1122.1447725661299,143,0.9985104342435825,0.0007193506771570871,58.58
697.2117742955609,613.3619896221013,556.9843013393779,0.7533,119.68678582740193,117,1.1288596978876773,0.0008487872741667994,62.01
750.3680376995407,617.3052529338825,587.8910214061673,0.68627,363.6824531677574,216,1.1041816736825474,0.0007793154947543916,63.26
826.0416064147612,554.229547330606,506.7151696380708,0.83163,611.830795250685,79,1.0306648570953802,0.0007224413406397792,58.89
1167.1359691863786,686.7707424644359,573.7372185895338,0.71984,591.7549958674509,121,1.0419057490285464,0.0007579161188418214,62.5
1057.4078497182063,662.4899547389315,583.8139068304001,0.6966,1030.3980021062132,242,1.0135395246268082,0.0007365844280398162,62.69
653.1529726615034,548.7757689309383,511.1521348518852,0.82564,554.5286741167201,120,1.0730141453704425,0.0007559795968921911,59.51
1198.0145691494197,639.2884869315104,583.5976905093798,0.69713,682.7483038832659,21,0.8917094491811736,0.0007038236979139527,63.21
908.4479428064022,623.2434060999748,565.4115874933269,0.73714,193.86636617981625,9,0.9588549741837514,0.000725207535876304,62.85
813.5378623571403,653.025792283502,520.751827178133,0.81216,256.57199031451194,175,1.1351311947521017,0.0008045582406018988,61.08
932.2119408422093,619.412012140453,598.7098002804461,0.65523,1062.2725577347749,42,0.8779382116482783,0.000736332719091955,63.34
593.6904582379102,649.2135642072993,552.8440616842946,0.76083,821.8424999705386,246,1.0555905710486166,0.0007697500477686475,60.18
972.7625544961862,552.8697749102837,578.702339830001,0.70875,101.59950274764408,128,1.1219941391058788,0.0007109038144737228,63.4
536.156614427853,511.94784787345526,583.714166444375,0.69685,50.252569903733445,179,1.1563527349590723,0.0007635849782303988,63.84
944.3035619593697,631.280254484001,507.9812162121717,0.82994,1019.5778501174897,159,1.011145024637549,0.0007741930919839615,57.8
1038.3642132117302,664.6229838824557,592.9973506282352,0.67238,545.9333958622406,186,1.0649776525205246,0.0007370115668268416,63.85
1182.778946368151,592.3558245833436,591.9620407289137,0.67529,171.92546579849636,220,1.1196998984190236,0.0007236494758196169,63.45
1084.0728342445655,690.6693302399933,561.3993058559881,0.74499,793.5934431396946,105,1.010179528581379,0.0008216090277696955,60.72
1188.6417713827668,546.7775595607162,542.6122945306638,0.77842,573.5591784471698,213,1.0758452545176562,0.0007185176186018667,60.19
967.6448516114469,689.8843643922146,577.5506573158176,0.71138,688.1061918343188,146,1.0436311639554352,0.0007822431854668506,62.38
853.8966315186215,592.4877999685244,548.0937004401933,0.76916,1012.0778082789715,40,0.9051438355384583,0.0007348839101971441,59.27
1198.9632345767357,629.5539459050511,594.9128010558127,0.66684,553.7752375885293,204,1.062099686586758,0.0008187062880650356,63.36
1065.8497545627174,601.5025396703868,519.4517819107093,0.81403,1195.1407627637452,188,0.9913207135887817,0.0006947980012187003,58.25
889.2397348353438,557.0187150392687,567.5703082263622,0.7328,1001.6970814504639,73,0.9583073216711843,0.0006820453847828628,60.46
814.1333366217059,589.3236403573572,596.552663411293,0.66194,744.2057992773613,135,1.028525112521664,0.0007338424808641334,63.22
685.1327966891541,604.1059598394211,538.7421965678501,0.78474,96.91515911628184,102,1.129745999940864,0.0007929578901260314,61.3
645.5713572859349,610.5143357695001,527.6610887580171,0.80199,128.5043502792852,23,0.9976746934633782,0.000828536189954512,60.58
1132.5457968502203,640.6706556375856,559.978046040083,0.7477,864.7071648912869,182,1.028904708258906,0.0007229907164895487,58.6
721.402884465971,535.7715230529768,508.1442557528245,0.82972,207.6114895825312,153,1.144055187797135,0.0006855461347500533,59.99
623.9570213562149,691.7216996608257,564.9458209903196,0.73807,1184.5166609544453,132,0.9879225171911237,0.0007676484099594247,60.66
831.2839635850052,531.338385824259,527.7547947501093,0.80185,328.4444601115966,104,1.0919756711238435,0.0007126915496854848,60.48
1148.1273789355157,609.6738977190467,510.2039929231738,0.82693,964.2886718349665,67,0.961703007033344,0.0007043782874988103,58.4
588.6862345097484,535.5790499104909,542.8265299112365,0.77806,18.02047182882007,111,1.1530281744496982,0.0007100583113099348,59.29
531.258724088626,632.8686725071211,500.84138455646644,0.83936,169.07050811346852,117,1.1434927929552041,0.0007186337089267539,59.48
812.785261570549,618.8793957341533,558.874216649041,0.74978,809.0394047481578,170,1.0422159261128434,0.0007270348711793452,60.65
1077.724225414812,530.9179115908019,524.8405486489096,0.80619,780.6854800660296,41,0.9351707535075744,0.0007567924576263244,59.04
653.9473853086537,620.6583329465242,598.0717383660469,0.65725,67.67669245288666,183,1.1396371960371172,0.0007391363109305486,64.81
693.3664675393408,532.9384723762712,563.3576495293156,0.7412,911.098082834296,36,0.9059879109245512,0.000780058545614556,60.54
628.3646408446359,678.1139701340671,544.273480070523,0.77565,651.4376305698106,13,0.9289252452618141,0.0007685142208872426,60.38
784.8822375638468,533.6281906572061,579.778500318089,0.70626,6.672821285733403,214,1.1659943475653654,0.0007690167240995813,63.82
1138.6933667025214,673.7922857879255,516.5347638132931,0.81817,559.6210141497102,189,1.080700639075299,0.0008094326944637995,59.61
1109.9555303856682,606.637614202818,516.750821472715,0.81786,52.91290041616034,191,1.1716073871400132,0.0007426688196407214,61.07
882.2863264530552,517.4813959302328,510.93065231479255,0.82594,506.34721419168284,127,1.0789988753717623,0.0007350151745624476,59.32
1195.5030343197554,505.3210951324615,512.3355905392121,0.82401,420.42055514039987,224,1.1059454834816462,0.0007209634087595167,59.59
1168.3886501761785,653.3635592162428,566.9564651589603,0.73404,1179.5294436793743,113,0.9672623326821288,0.000751442925331989,61.12
1040.4970993358634,640.9163579488015,554.5860272837108,0.75769,390.55092905333487,119,1.0795655705512242,0.0007733112089860607,61.44
1105.0619010430667,544.0327690820511,508.3578561823915,0.82943,1086.27560940975,167,1.0014791494912263,0.0007254742702874189,58.13
973.7149057655479,674.7103965896766,555.4440248787721,0.75613,814.958744355871,133,1.0278600104485005,0.0007774698222807048,57.63
1131.23208013559,568.7599247192823,585.8404934701109,0.69154,11.460903546720727,25,0.9533475240801994,0.000796266320344584,62.73
927.8642194239096,665.5748370897684,541.6308950324277,0.78004,368.9625170543912,73,1.0470296088693034,0.0006948039827583822,60.82
743.8643851251352,699.7427097309361,578.9987953740192,0.70807,417.4709188008312,190,1.0972142431129221,0.0006984906641873421,61.18
772.8923878120866,595.694884879505,591.3965520305331,0.67686,557.7598714200817,84,1.0169799664030983,0.0007558658498544371,63.26
678.5228907142715,544.4148844705281,584.5206088397117,0.69485,460.8157218833349,210,1.0943882137763457,0.0008509374116045813,63.04
1108.9036685548645,536.0510144467185,545.8114196767187,0.77306,9.053538860165066,153,1.1594434152507431,0.0007971121939947029,62.25
715.5181473347494,634.686618359591,532.7638273684269,0.7942,1225.0854657665802,100,0.9657881606685284,0.0006328012825413475,58.99
702.8561529053069,675.6182124553252,511.4869203322878,0.82518,464.9979123514257,101,1.0746943348019875,0.0007279694616127475,57.8
766.3346489032796,627.5901217735252,590.6896915294218,0.6788,962.9185107390443,68,0.9475623044089997,0.0006903544026103101,62.41
735.316910334005,511.2312812858069,545.6808407822454,0.77328,570.0672669055617,134,1.0699200102411255,0.0007978650677409379,60.41
1190.4851721160262,506.24457255415507,540.7600389287529,0.78147,1103.7047488593587,26,0.8809015526826328,0.0006619575310895211,59.53
1100.623306854006,569.1400333684608,525.5576161019354,0.80513,380.09915618858344,52,1.009932916427796,0.0007903781654363618,60.21
1196.6314546057797,642.1980305232236,523.2321748474684,0.80855,406.2298548370237,66,1.0300890196610366,0.0007488506733948873,59.84
939.9327646460811,657.3593748148759,585.9944353108656,0.69115,29.66030198331758,164,1.1406833696784346,0.0007355211636160522,64.25
954.5533867290545,517.6829538289054,551.7964819650327,0.76269,785.8342623064168,180,1.0450789993650165,0.0006776277982853919,60.07
1157.2494444350282,631.1580910018562,540.9237111491805,0.7812,723.5072622544195,45,0.9432674924566182,0.0007360418817358668,59.94
881.0757503031496,687.3539976626905,563.0081769223524,0.74188,992.2281661929134,21,0.8858185896408538,0.0008024671399574478,60.83
1047.934541810476,639.6275456026297,568.4865002593588,0.73092,508.19968833259577,177,1.0776182604259508,0.0008024944069959117,62.2
591.2953089556287,699.8307587567012,558.7123782199817,0.75009,938.3835104881732,104,1.0057559194234242,0.0008078654365390466,60.72
1103.67654078227,651.671988189464,548.647060240947,0.76821,411.00227239922117,91,1.0556269380327317,0.000784627154894898,61.33
536.8022973925688,615.5137758789181,506.6805774984819,0.83168,1167.2999549554463,67,0.9498234482908307,0.0007669124293840022,58.07
877.7950906909382,606.0096414768775,559.6534995126781,0.74832,817.8324382032283,145,1.0330668516913322,0.0007138838115008243,59.3
1122.8007663626245,688.1770161289289,570.3683660725679,0.72702,227.39873584899877,227,1.125034280005394,0.0008265745537874957,63.22
775.8149969016247,669.3163965867398,501.0141983468349,0.83914,106.02875556425035,154,1.163937092683992,0.0006763692647002919,59.85
927.2961090947962,544.2629830108453,515.2011697507222,0.82004,399.81811716602937,209,1.1140632109745061,0.0008155080101073507,59.83
1012.8368931813997,511.5800625905148,584.8682847054445,0.69399,526.3757580041565,229,1.0780407764350999,0.0006932047567860514,63.5
651.499264229192,600.5149967261842,549.1963280585275,0.76725,923.0589122135539,23,0.9031701084757097,0.0007298440727061228,59.58
1028.053840810863,518.9404300342397,543.342062201709,0.77721,502.9589925100223,4,0.9366771173280739,0.0008212033893133146,60.64
551.9943526227386,687.1019233033842,587.4720572963186,0.68736,162.80675856412802,78,1.0708054865456187,0.0007773059971031683,64.32
970.5021045118382,562.5367005436856,564.6632222564982,0.73863,95.7572953127079,100,1.1099858219010474,0.0008168368121878891,62.75
1112.779164461425,586.8862563807107,529.5355986687908,0.79915,319.3545588435485,116,1.0949252061155486,0.0007708777154117484,60.19
590.243376539875,687.7861607344024,538.0795401945755,0.78581,631.8519465554749,5,0.9358309281081786,0.0007630704189798192,60.15
1074.3221259172437,664.3889895534734,567.1382759243314,0.73367,1.8255189331439807,105,1.1257127343166142,0.0008244848698451992,63.52
629.1086962814103,549.7448389012485,514.2385478139047,0.82138,487.2539027509174,28,0.9651044844909193,0.0007605791000029517,59.73
840.910266863682,610.1047418657537,583.0755506971559,0.69841,46.93539685030754,20,0.9578118695699255,0.0007958168097796487,63.32
633.7834950151881,610.8135510277958,512.6260425663357,0.82361,1004.8897535069075,170,1.0236518979306257,0.000814431154135926,58.29
1164.6066830565287,647.6295222069674,576.1777914341783,0.71447,716.3797932056592,185,1.0449845290426405,0.0007478576390372331,62.28
832.304450045357,574.4052770007836,523.9620339665469,0.80748,169.87711085695406,209,1.1571454070895835,0.000741721890238098,60.71
863.1889740893432,633.4796288536329,564.2872247365523,0.73937,196.887049636028,132,1.1182040024346562,0.0008591426341762395,62.18
1099.9842383270163,655.036385735324,573.0986197592924,0.72122,861.5688583265576,179,1.0282870860316085,0.0008325036827856998,61.75
614.2543461468106,502.65354993860086,582.2847170898004,0.70032,1079.8285496432984,60,0.9315274630677427,0.000776673545876123,61.79
1153.2219840676637,672.7833585660882,528.4379088867356,0.80082,126.07169794602038,3,0.984585416645663,0.0007861796236303138,61.26
914.3888281644656,531.0406812788644,560.0932226946784,0.74748,344.7791160705096,197,1.1121462931280341,0.0006869984184032829,62.12
963.0637040556146,571.5751238855521,507.28002325303976,0.83088,71.58747219933605,198,1.172881756109882,0.0008429360349604667,60.28
888.9321924122244,542.6522870539948,517.5461849048343,0.81674,714.0346351241991,36,0.9399619094249488,0.0008192097198493896,58.94
598.8688406995489,524.0130484324951,575.2585656445813,0.71651,697.0472347617025,38,0.9246719651054699,0.0007205470861647327,61.87
539.8637937877161,667.0724020809117,510.6772107940709,0.82629,443.5757174562797,156,1.108175181083778,0.0006796564935248554,59.91
840.7714799347891,680.1995454453695,586.0112892904016,0.69111,47.7690758501518,171,1.144148606758829,0.00081486906309158,64.07
1044.1389248984387,623.529690113307,563.2084150882716,0.74149,1110.6673862094963,127,0.9845039265317885,0.0007424324472140892,60.59
1061.988866469088,626.4133969014055,591.469529796832,0.67666,202.9374856642229,229,1.1199510460758275,0.000837571083509003,63.83
790.350422047853,521.4162999494627,572.2246018749466,0.7231,830.9480715635203,237,1.047990840270621,0.0007555400326638715,61.61
1062.5749077705132,565.8056126693492,572.5019623965653,0.72251,700.5113077836396,160,1.0460690809446176,0.0007570334541630831,61.76
663.3875795279762,617.8996193128814,526.3880907769264,0.80389,471.35640944960966,193,1.1062876706151452,0.0007556408508306769,59.58
729.2280761008153,566.7421484531584,546.9397513319175,0.77114,1108.3550313052203,135,0.9976184920472043,0.0007343548079710122,59.52
936.9585035641442,579.4088073199307,586.5186343354358,0.68982,423.5392274011417,42,0.9464680146180605,0.0007044882479146166,62.85
514.6742885359075,598.1887813322604,586.7767063701249,0.68916,1121.1202078350161,29,0.8716618933578304,0.0007354211938072766,61.75
1019.7444414507921,678.4953738628901,580.8735961957107,0.70369,935.3541176375084,183,1.0191746694478319,0.0007389723369186299,62.13
1051.460671523067,551.4080440503145,574.710925467695,0.71772,919.3893675927674,215,1.0266492738794497,0.0007290147416817927,61.72
708.5355952440523,608.2595688712153,507.89492836523294,0.83005,212.2331148777043,143,1.1393829514586755,0.0008436906967789755,60.6
508.6110433664626,633.6032654652315,576.5846540474466,0.71356,1107.209664098008,177,1.0115640908608092,0.0007418202508070376,61.32
655.299880107618,600.0676804352888,553.2795379317356,0.76005,366.64762159037565,221,1.121989810239753,0.0007206186917827848,61.13
620.4079526943224,643.8406280941583,544.0860226541242,0.77597,925.1342772783505,76,0.9835187345902313,0.0008220235869830451,59.61
907.960980314005,587.0317254973626,526.296184663041,0.80403,466.8998989849997,176,1.0969927002394748,0.0007082198154374976,60.25
1135.7888014716555,540.3925089318706,567.035199070019,0.73388,375.4025713288766,6,0.9333550173449578,0.0007510172348809937,61.71
1090.8972623154932,543.1622019439632,590.7890910859088,0.67853,695.2822640929273,147,1.0347974081072204,0.0007295162411652599,63.28
601.0303639369981,622.8182843048103,595.0610419797906,0.6664,1182.8440542037918,162,0.993299117131822,0.0007055605742236095,62.27
1127.2629501615536,537.1379556114805,532.8392001411818,0.79408,722.134733472678,211,1.0577941731641334,0.0006667184535568557,59.6
978.2122595275499,692.2257838861252,503.27404246588105,0.83619,1057.6261174155404,53,0.9316350077267292,0.0007834401336257594,58.24
806.660075783346,500.4773925300825,542.290527037798,0.77895,1051.5928723744496,227,1.0199798889311107,0.0007866137150484787,59.46
730.3149916730845,620.2098159081735,551.1753517296452,0.76379,431.1738893286938,85,1.0553561306022967,0.0007905656021133829,60.97
620.2251260708497,581.2707403831766,523.5602793605084,0.80807,763.3288172627452,57,0.980680290591656,0.0007201024541030744,59.22
1097.0393581979952,534.9052169449832,503.0731354939021,0.83645,234.56576439066225,52,1.0384831592591293,0.0007355563092972232,59.08
650.4069998173309,637.5065703057686,519.5372151948029,0.8139,292.564041673252,201,1.1371949066730318,0.0007722856551316914,60.57
1015.3659616747213,576.7903878233716,553.439018281111,0.75976,452.2535513641221,50,0.9835853222909947,0.0008166358695122218,61.19
542.8002645430552,521.9688195928663,519.3096327819279,0.81423,35.28080424039053,152,1.1783660937593246,0.000794825363489694,61.2
612.43851470209,558.3331861047496,512.5833941383682,0.82367,509.42741835085724,86,1.0564768877088822,0.000742805938253016,59.64
1102.871796565808,637.9457413039631,583.6741965676923,0.69694,806.6214304474456,12,0.8827996234987127,0.0007212721030358933,62.45
509.82234852784046,659.1386999113636,501.3064252739228,0.83876,135.87064015294655,216,1.1757147209110104,0.0006993166630532934,60.28
539.0103922396856,628.5784347084548,564.7682832110469,0.73842,683.5320772524366,137,1.0559774063525138,0.0007433166098349213,61.56
1138.2221961004152,580.9136917024081,556.2865399576579,0.75459,1169.8038641560615,246,0.9987458637283796,0.0007417644418794316,59.8
758.0555907467959,655.5328068956806,571.5954080634724,0.72444,1000.9259962251057,82,0.9692855790478018,0.0006990525935824543,61.24
671.98607064743,685.8354218607396,553.7964873560796,0.75912,1212.4345484929554,68,0.936930631503516,0.000727128451734069,59.83
577.9380624193136,651.4549014435503,538.8648102263145,0.78455,815.3479655313089,164,1.0479804572041633,0.0007187494327749282,59.93
918.9814404882316,670.9415993804805,568.6299238810035,0.73063,294.6345926250333,33,0.9534346505651119,0.0008027713589329815,62.51
1149.3492570141561,637.0498170943972,512.2510771438446,0.82413,210.04444903806277,23,0.9854581729579471,0.0007315983219963969,59.88
1090.1559794166708,646.0949194934682,585.2893207522047,0.69293,960.9837487070508,78,0.9581504815112056,0.0007319418072382169,62.41
687.89403568591,582.4912819829292,537.0125733371767,0.78752,795.0135740022845,61,0.9778181293825481,0.0007012382446160176,59.87
792.8834615470564,698.0744696308849,533.699481543478,0.79274,886.8850735818571,118,1.0164004839119263,0.0007511735330915945,59.48
608.8223454681392,647.0958320437207,551.8200456909652,0.76265,984.795646211192,193,1.0284049462369285,0.0006381497910834278,59.89
752.9168836944688,671.9760319124525,547.2142256346582,0.77067,421.9630651946927,99,1.070110497696689,0.0007501171850415279,61.21
890.0406383797883,610.7881961507417,541.2247157633244,0.78071,646.6045139858073,199,1.0710919998157462,0.0007797289177337909,60.43
909.032045951131,519.5555423131344,541.8310028922411,0.77971,606.6852969695353,103,1.0458232730776202,0.0007528721571518182,60.55
1091.879489166262,527.2284098603981,505.27778146519046,0.83355,400.2356407917375,95,1.0742352620654845,0.0008154496236600506,56.84
1175.4729684655415,520.6213420536775,511.24504609049495,0.82551,1003.250293881002,217,1.0175993248633242,0.000757841056079623,58.28
1017.592640325565,501.52628223908255,528.2607480969241,0.80108,426.8091991703337,233,1.1085900046054096,0.0007389267407787877,60.47
625.2700141016617,515.1750601772017,551.401663756724,0.76339,1127.7010077783132,123,0.9916602720034892,0.0006994848578307584,59.68
864.7901817297573,587.9842415191608,560.9567983840969,0.74584,314.24396561191946,175,1.1125188483062505,0.0007351660844850608,62.15
720.837922523795,675.2372890136023,590.4247084833881,0.67953,685.2079515964459,205,1.059429383924513,0.0007454898297866084,63.58
609.6056328166815,506.5090585830052,509.37637273023586,0.82805,1212.8778541434622,234,1.0050257770782636,0.0007496939486668698,58.23
568.8702793052137,562.7257643925758,543.8280190730422,0.7764,223.5485464639655,240,1.1509710182004862,0.0007365170130864221,61.15
622.5289580881374,646.4188073080564,549.6792209260228,0.76641,1229.87527621791,57,0.918724053648218,0.0007316277849068759,58.82
694.5566096873614,527.4001901677252,533.4951793941835,0.79306,937.180404493464,56,0.9526594532012842,0.0006607838347849053,59.27
573.4686950647367,536.4774648004686,500.9588696624061,0.83921,726.6448583291202,236,1.0733134727330949,0.0007173543095786404,58.55
915.721635469115,506.8400609718112,566.0059421210639,0.73596,429.76292223611813,122,1.072340794431616,0.0008068038369640325,61.59
869.9627807793674,595.8321077606159,546.1722031690143,0.77245,540.1111590827812,235,1.091819483003993,0.0007357927281378756,61.03
875.9993471971385,611.080378648973,588.1839110609108,0.68551,777.2111393669132,173,1.039004109265365,0.0007751771792526448,62.83
1039.4804434436658,637.2965145419921,518.0792855755686,0.81598,85.09733796155537,40,1.0242377589742133,0.0008473762631933568,60.27
1115.8895641827187,609.2905895774428,595.7774222803491,0.66427,389.05178835102214,247,1.0914413528820963,0.0007458683297193883,64.37
712.4442996455864,558.9127525307791,513.9758733747942,0.82175,1143.7177360679032,226,1.0094142105016468,0.0007608786579795664,58.43
851.5105113654508,599.3251653959204,506.13567630813634,0.83241,824.9818673145461,144,1.037952996028518,0.0007106756565759809,58.03
594.1826741606176,542.4565527266533,526.4815763210864,0.80375,109.48147174649112,108,1.1423346123049805,0.0007820504201099716,60.96
537.6969086765138,503.8269918721649,510.525194335845,0.82649,312.76329933445726,236,1.1434831515609147,0.000799357286279637,59.66
876.7225916126489,513.9629077220993,573.2552290958379,0.72089,213.04722081211835,74,1.0580806936977203,0.0007779886589342951,62.47
580.2969763717826,523.1468502166372,528.5229901178136,0.80069,1048.562160976816,68,0.9618073546208723,0.000741905996209001,58.63
1010.3950544384327,585.4669473082214,525.836647956088,0.80471,622.4060358290301,167,1.0667237604035678,0.0008376752967701204,59.9
1162.48473936656,559.0992651720024,538.9474913132791,0.78441,1141.5515495011164,106,0.9711186687670542,0.0007469252221729008,58.95
707.5765896948302,663.8528604425242,515.6876619202545,0.81936,1061.8827749253435,71,0.9620054365468733,0.0008108937995075793,55.51
1008.4081462291142,636.722016693283,575.1935497122486,0.71666,1178.1438006554818,230,0.9964423099757127,0.0007377138363059511,61.63
541.2843188442998,610.2180909607694,535.2623582407814,0.79029,1036.1518959423756,168,1.0186471078672286,0.0007353681519333094,59.11
689.8811413817573,675.0157270414486,560.4902277513987,0.74673,654.9498560886615,140,1.057238518578432,0.0008436118613466391,61.63
674.2954486430308,509.5157876476203,530.3910432491476,0.79785,580.6423831240653,42,0.966334920006135,0.0007837124800825474,59.69
967.508714885701,532.0011857084537,504.77148679683296,0.83422,39.164348099251704,104,1.1471788837504828,0.0007598485040045196,60.48
639.066060571951,505.44583515608406,546.3192702587066,0.7722,1153.4240839308486,10,0.8818160087435559,0.0006851940270894773,60.02
695.0620423783093,541.3237449746274,552.0526234413295,0.76224,188.87604842022435,77,1.0833090893448412,0.000787168463938561,62.05
884.5960610419941,585.8741282155149,576.4381483683374,0.71389,878.6786925021087,207,1.0332688425655614,0.0008739033662130741,61.77
1029.6841370728666,640.594771664935,576.8326235877942,0.713,958.7801374694242,136,1.0040216146287386,0.0007833802256505295,62.06
696.4763290093825,503.7274244812506,501.8292808968479,0.83808,263.1034633468482,241,1.149376538659941,0.0006964014838710882,60.12
954.0109809674645,592.9950127184884,569.5146010323091,0.7288,491.97941536600734,221,1.0891126430083007,0.0007728811318962233,61.96
794.8580687084735,643.3960141562069,544.6825658716903,0.77497,1173.6985994398924,164,0.9959992358779614,0.0006856536774848868,59.81
982.914401410667,690.8823510486947,507.7705248878776,0.83022,328.82405611662375,161,1.118362580518348,0.0006950698716302456,59.94
988.497013035322,552.0836312037334,537.321449287383,0.78702,594.3575756708625,35,0.9412566279440162,0.0007302741276791888,60.25
976.0963502655798,548.1762607786093,514.0308743833635,0.82167,246.43878568165715,22,0.9812422272112837,0.0007190302359453086,59.87
1139.304782487909,572.4265693631924,523.4498694325011,0.80823,840.2076714590403,61,0.966708158757927,0.0007969947576874944,59.06
788.2373232433877,619.8700299553823,514.9907715328363,0.82033,75.31232774481575,11,1.005856990042201,0.00080191074772329,60.98
827.6221258371594,615.8551157593145,528.6780982740959,0.80045,347.41378742545163,56,1.0282578346510702,0.000764296945795588,60.21
947.5782863417378,650.8848149560699,513.6368838351452,0.82222,1014.35913263443,220,1.0219516765132415,0.0007875237298517032,58.86
641.2390076406132,617.457503781325,590.8139019803915,0.67846,101.10856161653965,32,0.9566373157331318,0.0006931098866581813,64.22
504.81033905660536,621.0240005916271,503.7682274011809,0.83554,996.967697876251,3,0.9136281835963895,0.0007743223660498354,58.48
545.4322756179944,591.8360261259222,543.9511483405845,0.77619,237.05993959293687,62,1.0563362350621097,0.0007659742102124605,60.7
984.1316651813815,605.5940082510415,510.08694597627454,0.82709,68.25118611514203,81,1.117161628269583,0.0007840023352516716,60.38
1172.9104601471108,529.6148044541559,513.073470188213,0.823,268.25833004206714,13,0.9752785914563088,0.00078484206729333,59.62
1165.6726857537521,695.3366615398626,574.8283786909975,0.71746,757.6652744472334,45,0.9230439790873258,0.0007044098114588573,61.68
1137.4666066816426,501.6437729108692,561.9843748972037,0.74386,1111.78599723067,162,0.9935659612470362,0.0007666203286265026,60.98
1178.8351957931732,653.557834834703,519.292291053899,0.81425,1091.3704208024205,58,0.9310154714490871,0.0008406308527436296,58.4
594.5931284012796,508.6149390850978,547.0773323043583,0.77091,1164.204006319046,109,0.9822059071795598,0.0007657569641889277,59.51
929.1213023008606,510.30724353648833,537.5739444914891,0.78662,277.6193347884887,215,1.1323004408985826,0.0007262062152603001,60.76
1006.7277660091322,559.6430280497863,591.1220000720575,0.67762,904.0910890986673,212,1.026834223334046,0.0007702627401899927,62.92
901.8382383440742,642.9031138495461,549.0588651722816,0.76749,1096.0841491728859,138,0.994696043821837,0.0007789764728367533,60.19
1042.674359800611,573.8721288653517,569.9212728825742,0.72796,306.03036802830945,148,1.0973802444418908,0.0007584181184770403,62.51
904.6448138590408,537.3963232373803,546.2780726333194,0.77227,553.1185114117923,169,1.0776640517723373,0.0007960053381175997,60.54
930.8971195925826,538.4942201102947,595.3538872140749,0.66554,885.4077184488459,128,1.0044702359159627,0.0006452496334015959,62.69
924.4606766023038,556.1365042152773,501.43998535931036,0.83858,894.5809094286258,143,1.0262780709520747,0.0006511774775356237,58.47
1152.2692101006755,569.5772576390011,534.8690173879393,0.79091,183.99671600105825,211,1.1424251991271699,0.0007467524854653353,61.39
978.8474669474349,693.0960823997302,516.4011007432198,0.81836,916.772282807481,66,0.9662782926028105,0.0007385578260495821,59.03
847.0017709798941,627.2156378369428,528.1731724270811,0.80122,729.7680843886071,243,1.0650806810849953,0.0008495751327344226,59.67
785.20392328962,577.3677000015533,560.3961161664284,0.74691,139.62376639140354,204,1.1499742733417497,0.0008004814906726509,62.74
1033.6649109402842,659.6927195033578,598.6328407995239,0.65548,883.731310682121,29,0.8686531608529637,0.0007637080085173902,64.41
999.0611832774231,521.6058447963458,547.868453230907,0.76955,1037.4939784538183,228,1.0163638925125706,0.0007637694896783496,60.18
767.5459397396071,602.5127926260549,576.010668508193,0.71484,23.674608097565372,90,1.1099711636015408,0.0007470386025091334,61.83
913.1495861843036,512.5749525355573,578.6590338119235,0.70885,273.2397858981621,97,1.0714893437774748,0.0008052944043912916,63.08
1060.4965898380824,552.2970281493238,532.2781072986536,0.79495,833.9164946776931,191,1.0391940979138836,0.000753707350389654,59.24
848.992372099541,543.3719072367146,568.8617811998976,0.73015,784.0492094875716,107,1.0171372908599092,0.0008077581901869579,60.79
945.306601784694,538.7659533711374,544.3234240906814,0.77557,94.81452435447738,219,1.1612295661399878,0.0007464391118314531,61.82
1102.047875079525,678.3894520519848,574.9028594910743,0.7173,82.31538885895728,81,1.0807742259599737,0.0007109704230278201,63.29
1089.9708099919253,645.3547041761805,524.208703397359,0.80712,28.86593370244147,150,1.162263484276152,0.0007223640430746198,61.14
773.8027035020173,516.3729454397113,545.3005716865882,0.77393,880.6173515863578,114,1.0160676682873302,0.000705922576841402,59.81
1192.0905687599247,579.9008017194432,561.6446211458333,0.74452,931.5123828174591,96,0.9857985764106739,0.000724847942027156,60.33
576.5820444663635,604.7970323101956,573.6129945980093,0.72011,939.7609303795494,144,1.0215540217428307,0.0007923170981338619,60.91
1124.530475573255,611.4599324377351,522.3062866560101,0.8099,456.2236949811047,222,1.0999766603303804,0.0007814614405607186,59.45
885.3623292017694,520.9982996417087,583.9189608571019,0.69634,1198.9922755074556,218,0.9955150979905373,0.0008117720884836785,61.62
896.3475102072736,509.65845683348033,598.2098747213531,0.65681,434.93366600025496,172,1.0758637073922557,0.0006822333259173399,63.63
925.016391657595,551.3242889054621,570.7746419643464,0.72617,1034.6306882375309,161,1.005278195123652,0.0007384343482839503,60.63
854.6332503875503,570.4131164018162,528.8151087433862,0.80025,208.7439325838713,219,1.1499189864784118,0.0007632931381336034,61.2
572.7339605256922,599.4980923943316,576.3743423435669,0.71403,75.39436895424568,227,1.1636576616557335,0.0007630321995414019,63.48
903.5246782777888,639.57832670215,504.94058608796297,0.83399,986.3320350129779,197,1.024576238720262,0.000721734990299302,58.73
1181.3074092992304,541.758261565379,541.7401711258101,0.77986,287.170011792611,229,1.1241618129012487,0.0006908188786262215,61.37
1116.0003358209065,636.3172131504683,524.1310199822634,0.80723,381.184762411568,69,1.0421387032731968,0.000774185328256645,59.84
664.5828071580928,529.9033622657788,500.39720647237294,0.83993,640.3322315641476,12,0.9477233131611962,0.0008404233586459765,58.07
1022.9669999887938,649.5620202283969,531.6816046890556,0.79587,447.4020033934779,80,1.046295237758577,0.0007671007880329602,60.74
586.0266873847645,692.6544785218059,534.5391556766679,0.79143,812.8521616948223,146,1.0458843174295087,0.0007332142156960793,60.04
712.9341389106972,547.3616086033212,582.53801228447,0.69971,1038.7323228185771,31,0.8782880332458365,0.0007867343376509646,61.62
688.3194029669046,614.1047537624894,561.892713381085,0.74404,762.0641643367916,217,1.059217866073407,0.0008536829648536836,61.55
679.8249431220667,673.0262347813198,555.8105071990036,0.75546,1008.7152590384242,90,0.9821835606263947,0.0007363416925040061,60.14
878.6059969876865,556.8881642162607,568.5382101398039,0.73082,770.2960487581817,227,1.0525934569196496,0.000761399143188203,61.34
613.6910046156186,639.9739305596379,558.4487806239358,0.75058,1131.7399523254962,210,1.0119225699170562,0.0007839578176722414,59.73
892.4940685909312,668.931633355342,502.28735582798635,0.83748,839.2938430333128,14,0.9226368222327556,0.0006864356801481778,57.91
1101.852098898018,688.3048609846503,517.3922620340736,0.81696,1139.4264351029371,130,0.9837312338447165,0.0006748373089012528,58.33
596.0897640538544,602.2945760017209,582.4567619971704,0.69991,223.03153244267466,60,1.031378060558244,0.0007462179848083057,62.54
926.2563639037832,536.7809228137976,523.3296542995126,0.80841,1203.8306634901369,23,0.8807924435308918,0.0006428110681760985,58.53
1013.8229204368736,653.7942140522546,572.3349772990841,0.72286,603.7209218386199,245,1.0720456989769216,0.000682133058730394,62.49
1159.2448022482172,636.8238052024884,588.9215136315258,0.68356,439.94326208751835,130,1.060252554654292,0.0008068083060447497,63.41
827.5450058448253,523.327937392989,540.4363850314923,0.782,383.11540955947333,147,1.102117789226894,0.0007520153533819111,60.83
779.8573005201977,532.4672798878148,597.4044259730653,0.65933,647.9045720939881,160,1.048594068628103,0.0007208592451770173,63.35
818.8160652739435,518.1355704927465,520.1742689561012,0.81299,523.9584215786917,55,1.0034671753803202,0.0007156669775878366,58.78
513.6994327493628,564.7028047494713,594.6742934179581,0.66754,1084.8912946856224,223,1.0179885439850922,0.0006943770763945876,62.49
1015.1939080256243,691.8243685764858,531.5455570479259,0.79608,163.6831972481898,102,1.1116687227016846,0.0008167729698405649,60.58
1104.1612676143563,502.41591534916955,547.9478054575009,0.76941,132.56442031134517,49,1.0253725937317864,0.00080337121266999,61.45
1053.6124567186203,693.7361949460436,505.4149266532951,0.83336,888.3400381796732,175,1.0299327992722525,0.0007101257530478372,58.35
550.1745555119986,655.7443252451606,545.0026691099246,0.77443,36.98402841512724,197,1.1810671132527981,0.0007611098946538204,62.1
1052.1188127862672,578.4151108795271,527.820969807025,0.80175,408.83508543802003,51,1.003267720363908,0.0008113680999980464,59.42
742.4042352821812,690.1168059873228,519.8806098355216,0.81341,175.3852909711343,193,1.1537458289862577,0.0007329962373564543,60.78
689.6178887228541,607.9940651766788,579.2547374781325,0.70748,1205.0387691813085,118,0.9766527234431801,0.0007428699550272953,60.66
845.8069237325334,642.2667665299348,571.0412989448411,0.72561,1199.5726520290918,5,0.863017782244585,0.0007468924785189901,60.1
1144.9588992728877,504.5284426575976,592.3316353394893,0.67426,931.0283843617768,244,1.022209869530047,0.0007761481334328585,62.47
1189.1752424590918,658.5201475140634,521.9791735817774,0.81038,1226.0339209301376,31,0.8774561925881941,0.0007603262769990595,58.85
777.0131614882648,619.3600089997029,599.9546534583284,0.65122,1056.7233483976297,115,0.982274657325885,0.0006581076338505649,62.57
1024.8055198197262,533.9389992105868,554.0612321074932,0.75864,522.4901902765779,89,1.0379076054680507,0.0007515206431759011,60.68
1140.2462133866002,571.0653121057669,512.8428633065832,0.82331,860.379762587691,79,0.9880717190242958,0.0007172528066719083,58.62
676.6066616652033,541.4266085496611,593.9595318312982,0.66962,241.66968335992945,190,1.1171282654620351,0.0007186234873553251,64.17
1098.9837857665186,625.1486887346855,582.7973903692599,0.69908,838.4385820228944,239,1.0381521020827864,0.0007175842285392058,61.96
740.804866176563,642.4467403324276,543.6694429547155,0.77666,773.5777784680026,14,0.9167755418733426,0.000730090820055131,59.49
1179.3451285634255,604.4399629652255,562.9284578606232,0.74203,1000.0789301857989,47,0.9094974704497452,0.0008058580303478274,59.66
614.8613483886868,682.3864355346673,564.5172456913194,0.73892,325.85174458678364,154,1.1116525247182105,0.0007995630259120552,61.86
610.9845144188138,671.7832178861221,504.2262038851746,0.83494,629.8975847161649,143,1.0716363835221145,0.0007392347444524418,58.81
811.9398308721244,515.7755422238355,551.9701675592594,0.76238,870.7829338674444,48,0.9360705521873338,0.0007848355943234003,59.64
733.5463236345604,651.246336641932,590.2314644404602,0.68005,1175.2911050930875,27,0.8595984819236675,0.0006691664889636579,62.31
1197.275073096544,556.4945631185632,583.4019049054258,0.69761,1098.0852863816172,47,0.889795996214412,0.0007576623812031139,61.07
936.532225559532,583.2234992143788,539.3484366609442,0.78376,998.6887152532538,224,1.0231663903830561,0.0007069763883237438,59.26
516.3856864351729,622.0776774467178,555.0295258511989,0.75689,717.9057566397233,180,1.0664875685741753,0.0007829565787315121,60.03
701.9934532425985,543.938295675849,576.763689141557,0.71316,874.6947342183181,20,0.8908195789783352,0.0006904749820823636,61.53
972.3129651744391,638.7914545164001,565.3797438810022,0.73721,548.1813849840155,104,1.044597868784986,0.0007471682722602424,61.64
998.0725473384075,567.357995779292,540.0579163397298,0.78261,265.6637249092166,61,1.0406970368801514,0.0007551913945662301,60.71
728.1301157338912,666.0957080193032,559.1868701349719,0.7492,656.7022538552555,139,1.0558385877894105,0.0007617286542752017,60.87
720.117343909773,628.2028623093506,586.3921181523767,0.69014,873.6555000897836,33,0.8902159574450956,0.0008723171411691512,62.06
658.6736616194733,533.3198666895455,512.9272590565618,0.8232,304.12530864298805,161,1.1301166997252872,0.0007928239887891886,59.56
771.5291559131092,550.0613011660467,518.8456195379686,0.81489,1076.7294074843392,218,1.0188187796281671,0.0007394213331151484,58.43
795.7439583860528,596.3623478500404,546.0890934664416,0.77259,826.7451844113095,235,1.0497601831640717,0.0008260529699836066,59.56
893.742800142326,561.9616715409577,523.1441788586476,0.80868,1220.5142107145612,1,0.8785602321802638,0.0006333218315556824,58.26
1143.6042640319044,516.622832496257,572.9024904973899,0.72165,510.156941110842,118,1.0519789625336964,0.0008103246302601664,62.09
1003.5089327865467,598.8524036547396,520.5111529334031,0.8125,677.214322857271,199,1.0647242330742908,0.000749980251949415,59.19
1177.4640182144344,529.1776662016719,566.4018975828467,0.73516,1162.5853263059057,170,0.9886753077657605,0.0006730206030604543,60.1
1163.56918706145,560.7860150133727,562.0262328324158,0.74378,1046.6449334821016,3,0.8733027014999312,0.000713762553373735,60.27
948.9364570297437,553.7052219640457,516.2651959956419,0.81855,259.26723354383716,9,0.9785179025809946,0.0007339712802317505,58.42
980.9997214103576,525.7338107737271,581.7713843799457,0.70155,1126.6500251937773,26,0.8627348967497475,0.0006890140507700343,61.7
732.281659632722,644.4999250032237,524.4082516115386,0.80683,160.5374490405674,71,1.0880744403208205,0.0007746077364079078,60.37
641.586576898045,547.7337147688477,512.7241624239987,0.82348,15.234848051850644,27,1.021615703861147,0.0007985143438032041,60.4
1186.4525770860191,632.2860969501095,560.8055253386582,0.74613,350.6196908545399,221,1.1080833910580812,0.0006247963207395902,61.28
512.4311192095232,681.7395453957001,575.608743025727,0.71574,711.9203116273311,247,1.0701056895429286,0.0007619411980276589,61.52
521.9018238308581,665.6065389879258,540.6456568047324,0.78165,850.3519339515848,65,0.9811627832217626,0.0007576716331804472,59.01
717.6752981702361,630.2369309044007,553.0230785220937,0.76051,1222.3066401265014,95,0.9605591726127115,0.0007378043046019669,59.29
686.5736067367911,534.4779383120992,524.7615432072487,0.80631,788.3557862682077,78,1.0066201594622983,0.000769202454216312,59.0
549.1167087518708,606.3281675374437,581.022584987074,0.70334,782.664756541805,111,1.024762752980823,0.000808681850236804,61.46
607.6930994874955,520.2927957068546,512.4188787546227,0.8239,530.9908988012742,244,1.1035625956686654,0.0008194264884328244,59.01
1006.9063738797836,663.5306960187595,502.39397717134796,0.83734,51.633061534995385,194,1.176899471880673,0.0008140113947766854,60.06
917.466118258031,504.6280383055439,570.518556634582,0.72671,156.12908107521042,98,1.0962910051881098,0.0007154633327121035,62.41
535.2278450486128,526.9045030846898,502.53184613583784,0.83716,277.9611785347273,213,1.148002843575444,0.0006682009843349895,59.28
964.0503331639278,525.57507454617,539.0164970445995,0.7843,545.579195307475,81,1.0325916621309508,0.0007328173786875731,56.97
1115.1745667985228,506.02028567441977,565.2673697407366,0.73743,1022.9376169323058,77,0.9569023871302679,0.00075012367495707,60.3
1018.3500862944809,560.1306432988022,510.13118580316757,0.82703,610.9573385635404,222,1.078928653389238,0.0007379444912606148,58.94
1105.870295331949,603.2271523320187,584.688656184047,0.69444,44.59946357541468,151,1.1321745547554531,0.0007576863314196265,63.73
541.4353055315323,512.6557813361111,558.615392261361,0.75027,1099.6882184351216,221,1.019074787060281,0.0007820012593713269,59.96
640.2963644838852,661.8859176206706,591.5195902896676,0.67652,428.51018003712625,24,0.9198426353294982,0.0007224755745721061,61.05
974.9400541380305,551.7624167026128,574.1692721031267,0.7189,516.5852825365599,64,0.9954148170098336,0.0008130383174052466,61.72
667.0710604636699,623.7280828005375,593.2683915471838,0.67161,22.84189585581795,73,1.073641763965157,0.0007714054454268144,64.18
533.0046180176525,516.0829822428675,532.1070405180085,0.79521,1124.6668620153544,106,0.9876041164166129,0.000685595041706515,58.46
929.0955484351435,648.4395854359775,536.054033569457,0.78904,491.32551228953935,63,1.0152202637772165,0.0008334003312486163,59.26
661.1071279418508,681.3302425687945,542.4589910516654,0.77867,624.0251296386184,16,0.933386669535202,0.0007342051197009275,59.88
523.8952637903737,574.9464243675912,571.6727940392118,0.72427,494.92158883847077,113,1.0701215082466853,0.0007846555722996858,61.68
1113.5379068958682,667.4268328075045,597.1105095053847,0.66023,614.2872211832672,95,1.0100362393016278,0.0007863378689457474,63.47
631.1630583666871,547.1234295149611,536.824826464358,0.78782,896.083271455103,151,1.033126406479507,0.0008011386476709176,59.14
1171.98742603158,676.0240617385263,530.4759930014791,0.79772,642.8808889139341,83,1.017639804936354,0.0007010275621828853,59.65
1047.2986264603064,593.5058871561445,539.5399502678782,0.78345,360.7182307092517,50,1.0003393769562103,0.0006832833984147651,60.1
872.9370721289984,638.4295526048069,552.5584749308858,0.76134,1137.714704328274,111,0.9798668550585591,0.0006774121755458631,59.75
617.1577928369852,538.2731256846841,538.1097116779895,0.78576,632.4726080843097,135,1.0642722706036123,0.000767490008581553,59.74
667.8817436688764,500.1763368884267,517.407455756109,0.81694,179.08404652053537,136,1.1419396019702308,0.0007794100785653422,60.09
608.1087273501131,686.0437455508268,545.4610200843341,0.77365,378.1468709548859,27,0.9604763277963333,0.0007895262514295788,60.09
905.5788138800115,530.1474336673331,562.6199298708844,0.74263,660.1779226891367,147,1.0528003375216022,0.000733360292977288,60.54
1175.8945696487824,660.6298977768296,536.7932742939556,0.78787,831.4026856421171,133,1.0224093906770577,0.000821708585592289,56.92
1060.8628225877326,683.115613562469,534.7913293675372,0.79103,64.3223142522353,30,0.9959944749427688,0.0008188772900808343,61.02
975.6282440790578,593.3798964569302,592.4580918882459,0.6739,8.477261167996424,36,0.9658325934205765,0.0007547155443052858,63.77
952.4749359828654,699.5468496265324,522.8088223016405,0.80917,267.02926557152625,229,1.1370317400537806,0.000735716817018742,60.37
1095.3257454342265,608.1836166332948,505.8066806738835,0.83284,736.5641345472044,178,1.0533370372809143,0.000687566041509134,58.17
518.9773660101097,564.3025739936039,577.3461711419236,0.71185,245.07488026618273,53,1.0155544785430404,0.000812394219166991,62.04
743.0226880129848,677.2050718790267,537.1764325666805,0.78726,934.4098856429333,181,1.0322295238778942,0.0006949167471799367,58.23
996.7788920816633,505.62038443782274,562.424883749583,0.74301,323.4792873198682,70,1.038959370817581,0.000768161867812758,61.0
1126.1410363602467,635.95603485918,520.8724527556582,0.81198,250.97669591507128,34,0.9843716415612774,0.000757860129700375,59.68
781.1864581740069,690.414814146269,504.4525247055364,0.83464,310.6675712884443,183,1.1304346011872557,0.0007514457133774806,58.84
604.8163505436361,638.884217835694,562.5438637646809,0.74278,1226.5529386596613,74,0.9425717106632676,0.000769679661336148,59.6
834.527527554884,603.0497640898859,524.6340519826532,0.80649,83.38182522628172,19,0.9988547117593355,0.0007537577676103954,60.07
685.6252102109352,680.4603582159459,514.6195230488322,0.82085,3.034383535707861,114,1.165796539071072,0.0007456727948336067,60.66
1036.2156204245944,672.8599165032192,585.7997898690028,0.69165,618.6983590989265,245,1.0664427442698512,0.0007499112036670491,62.8
1053.8466522150584,549.0337405155296,533.7485944831589,0.79267,1102.3628507987494,32,0.8883313851916589,0.0006324722535583119,58.83
528.2706508879393,659.2212932762001,538.5605768966394,0.78504,58.23972415599656,22,1.0005398938654655,0.0007870018994372744,61.24
1038.1338657055794,626.7260724989336,533.0744538552852,0.79372,214.54911044346844,24,0.9757026905041881,0.0006982259159265626,60.48
1128.7849541164314,517.0870834522299,532.3992371390348,0.79476,240.33687780664107,35,0.9828400085113655,0.0008012074861371882,60.12
817.5622694394644,674.9731735386645,566.2552452139084,0.73545,315.6686403714123,60,1.0234908777529934,0.000768362952564162,61.09
916.4216523694281,639.0843527020696,566.3733387548423,0.73522,542.9750868367656,206,1.0826807422718354,0.0007941498088123631,61.26
851.058065619522,609.1935480388026,558.0933694157751,0.75125,181.4576511129702,131,1.121198107418121,0.000729996154228586,61.58
734.6310041081895,607.2399820402314,538.4166056445243,0.78527,280.54260705284514,143,1.121582980829465,0.0006882367917476975,60.59
950.2207411971305,599.1434978551412,534.9584507624376,0.79077,1087.9768651717543,145,0.9974846605039901,0.0007202440082682098,58.4
1075.5944340048488,621.315021939122,506.45447466895405,0.83198,698.6816779895897,12,0.9319639953203283,0.0008407673160884646,58.15
1005.285119817653,642.779917403568,557.7280787501873,0.75193,1219.6286005314787,243,0.9949134048127052,0.0007055759265895827,60.02
938.3592715867446,572.7160201652348,504.07210091266586,0.83514,670.3581518137928,155,1.0620775572179575,0.0007810508537639591,58.1
806.011756347766,671.5063935005264,559.0350376552267,0.74948,518.9628005239421,94,1.0467399009971314,0.0007970978495502722,61.07
559.8439653847307,628.1368141642748,587.5709016676554,0.68711,745.6079617034508,162,1.0487922050896077,0.0006810223614866838,61.63
912.5075187371491,649.0748004311596,526.9905658290456,0.80299,501.48138738200913,2,0.947104102413844,0.0006774879381514668,59.23
760.5901963903054,657.8785702545376,579.9397976041777,0.70588,953.6986647634297,237,1.0320629169830973,0.0007300173465552109,61.58
926.5185761208718,680.8726319512784,556.4723408838972,0.75425,263.04108494375714,163,1.1179279790126646,0.0007625496621663015,61.68
570.9573862892871,560.5803147194936,577.7725938036034,0.71088,120.71952726648306,21,0.9632359719893371,0.0007812208056722408,62.26
1004.6478120022366,518.6599478370188,532.9978379529081,0.79383,803.2060552728045,202,1.0466271816457553,0.0008113727931914646,59.02
1177.7038464281131,509.1531000561404,581.4065171167204,0.70242,373.6532649464887,212,1.0956717132386031,0.0007252561867961567,62.87
987.2572200539624,546.0985963454219,599.0799619095933,0.65405,1150.1814228633966,240,0.997533194069207,0.0008025171833813322,61.42
1153.9714832691966,697.841827989658,502.0675371521722,0.83777,1065.9596645533252,83,0.9674094476597674,0.0007550620104456825,57.4
501.32849563155884,597.3140325826647,521.0719579842088,0.81169,1130.1284201539315,232,1.0177571279479762,0.0007101800361798225,58.06
856.0642763624772,591.2117606253357,505.5553038618503,0.83318,301.2508772441361,13,0.9821458260305619,0.0007501004914645354,58.65
603.5057631597018,624.4710053241481,522.0669002857472,0.81025,1070.162181768856,195,1.019403721726121,0.000635470163271528,57.92
596.8654378029353,695.4564434914724,593.7457085665884,0.67024,944.3734321261063,172,1.0243622076878183,0.0006755559527142273,62.22
1187.4442040624049,556.3851199150361,567.4851678248153,0.73297,724.2054253617747,114,1.022368886419615,0.0008264232104688685,60.92
1141.005869384555,683.8771185978429,557.9252092193683,0.75156,271.5175646201029,8,0.9493111932240964,0.000800851092885148,61.03
591.7150632519039,536.9764360937969,548.718538841296,0.76808,151.7537227089362,125,1.1347167069022446,0.0007805750851354122,61.07
1180.9901204205364,692.8519713948594,521.590634805715,0.81094,620.4795205778399,240,1.0749317433606913,0.0008325609325986383,58.96
547.4541698118874,528.6657978342607,518.1769545872128,0.81584,977.4991957862744,224,1.0379114063277968,0.0007673487572053626,58.24
774.7265868088804,513.173941233036,505.08608860191083,0.8338,1190.1775792620695,148,0.9906118099606073,0.000755201700273556,57.44
992.6446938532752,596.5129469314986,536.5553679683115,0.78825,351.5266635923373,102,1.0815559087451247,0.0007318909740844643,60.42
923.4206311752718,501.3701940326604,592.0112818348401,0.67516,388.473963567781,54,0.9788821251705494,0.0006783610503225668,63.0
822.2403419132831,690.3392411081672,515.1073629963272,0.82017,441.1579081952518,140,1.095641192262932,0.0008039165127621278,59.36
1141.4710128754482,684.7937285626402,554.4257651215303,0.75798,31.939391515619956,51,1.0426906319082818,0.0007099865846297283,61.7
1107.6482625778572,595.2129284307173,550.1888469680357,0.76552,496.58653841830386,72,1.0214776637075604,0.0007319276560935964,60.49
670.5732697900878,664.8197560094482,554.3285682614578,0.75816,191.5512741194492,30,0.974960205885568,0.0008011800193715532,61.16
920.7990910767654,588.3240633909153,529.1752974954641,0.7997,707.7117061893035,25,0.9251904653057058,0.0007540388111842792,58.88
527.648847460275,594.2889468436796,518.6075662942668,0.81523,124.56629500093503,34,1.0155095751045973,0.000766018587795031,59.31
969.1601668989597,509.25780135326676,559.2731511946229,0.74903,562.924416033751,86,1.0295520956385649,0.0008159129008475148,60.44
726.707613379693,617.6810299217743,577.1158231368493,0.71237,367.027048204682,82,1.04915771608113,0.0008842711991710531,61.8
787.3273480845519,530.5849415790082,505.7030925777546,0.83298,61.94355512588228,225,1.1844398894711168,0.0007365710453440295,59.92
900.773869702711,592.0192716063168,597.3876147536527,0.65938,411.6053497754293,179,1.0820189346980842,0.0007232995998891242,63.27
964.6000533665731,613.786433244945,582.8026824903889,0.69907,346.58669739616636,47,0.9730123500281257,0.0007071213110407805,62.77
861.4543855798056,508.4533401219185,594.3003350736744,0.66863,1037.0206658755046,242,1.0144200854197254,0.0007116472079134751,62.53
1049.4977877209164,581.0852074180402,544.9844725604737,0.77446,40.6381494414289,173,1.1590291738243745,0.000756239887924334,60.94
755.0068571052432,674.4401956370598,549.7393171835135,0.76631,581.7314557488469,100,1.04666484019463,0.0007839772480617971,60.42
1182.2875943231584,696.3411863892486,528.7879301692694,0.80029,450.93585623504873,93,1.0573213334735236,0.0007755085262565052,60.39
660.5994860477717,544.6377614216631,571.1174127180303,0.72545,56.71448978565677,239,1.167364508746856,0.0008324608242052358,62.8
503.3058203752916,559.5353224055947,563.5369838927356,0.74084,1148.9074497107943,171,1.0058571581872353,0.000717460168570955,59.99
1184.173075333962,679.2630416455486,536.3446086056573,0.78858,1109.7454352402285,231,1.0051141941461013,0.0007152893966433053,58.84
869.483074545783,674.1176941836954,527.4480805742456,0.80231,966.0043319910816,123,1.0072950109533565,0.0007006484722434087,58.64
574.6073079702883,508.9605938208399,509.08627023795094,0.82845,804.5566438884681,37,0.9405433136104971,0.0007348043181119461,57.77
1095.9989445262158,668.7140452353187,588.8992271433661,0.68362,1145.1134211236092,218,0.9983761343530163,0.000725713512924292,62.08
882.9135204319049,660.5931281531126,559.3144372640526,0.74896,220.95827416443947,56,1.0295584385101535,0.0007269841432713769,61.69
909.5574905750959,647.3484308303343,581.366765538051,0.70252,537.1959921546536,37,0.927013696026556,0.0008718527434194955,62.38
568.0941548186796,578.1274656700164,545.9970291597281,0.77275,158.11909688511383,169,1.1510384151281703,0.0007718657204779512,60.7
636.9808998015512,507.20207374730796,522.7592373303182,0.80924,406.8559578413902,198,1.1181793645758957,0.0007786082405742944,59.82
857.0478315365231,577.7161610394483,577.2558425778888,0.71205,343.86815339353484,39,0.9573619348083895,0.000767151697842323,61.5
1079.7387835647585,591.5669523562516,569.652413858146,0.72852,825.3201238686935,200,1.036185122160009,0.0007828325975422433,60.45
873.6665895661255,582.8893959139034,536.4002424970166,0.78849,375.64721492133816,187,1.111964161164384,0.0007117914577448257,60.11
802.2615338418349,539.9469890106043,554.8512973197203,0.75721,1230.76980601548,125,0.9757826383758941,0.000757728237786674,59.22
1037.0926248072565,645.7571052317651,560.5904622567779,0.74654,103.54231522585675,198,1.1487308316970588,0.0008082049854836317,62.4
1083.0550727589184,630.5999193374571,515.3441246471467,0.81984,239.4908977478856,7,0.9781200209474341,0.0007848995847266991,59.46
859.7557310591889,648.925952857051,540.2972740131058,0.78222,730.2840961943118,0,0.9185757980878597,0.0007784006101153851,59.53
1023.7618428148351,641.5240848187057,594.2322855394847,0.66883,86.58719442353818,210,1.1347864664923704,0.0007610328379000023,64.38
921.7074308886681,619.1603201864959,548.944311378252,0.76769,407.80200161809904,128,1.0863324171795063,0.0007110563639117912,60.92
782.8224137251239,531.7195912810583,514.4788746938789,0.82105,138.99402500481202,99,1.1260832993565983,0.0007683238075722077,59.34
700.844026213399,550.8628204294063,555.7119381604864,0.75564,1024.7152498972946,193,1.0209326536236674,0.0006713095616167099,59.4
553.5869305024072,571.3375217269362,555.1726739633566,0.75663,535.7628197571155,119,1.0695336257112966,0.0007367275234476957,60.63
639.5500933973875,589.9188081163389,553.519431181183,0.75962,897.6941590509277,176,1.0356290794081515,0.0007302266332070215,59.54
898.5187090902,515.8270564958575,567.9156948364675,0.73209,438.0974914299494,191,1.0941400451616146,0.0007420697070657539,61.46
1189.7887458778873,515.4771438357486,577.9794538798233,0.71041,972.5564663606076,188,1.012465736134789,0.0007243264486706578,61.15
517.2821667714086,691.3209229154284,548.312897457691,0.76878,761.6216372551236,85,1.0172721729148733,0.0007497508522523041,60.01
662.9754115655485,534.7544834156412,585.1863634649684,0.69319,912.6884209666963,122,1.0099944472520404,0.0007331708484378172,61.51
873.9458455563116,593.8127888899493,556.773221562966,0.75369,1033.3090331862636,244,1.0209805533548046,0.0008049930292106762,59.57
863.8218484110085,656.3189740745264,521.7471002798369,0.81072,260.5900419491793,163,1.1304719642256835,0.0007952912796989395,60.16
645.804569320887,573.45077851573,595.5446772635495,0.66497,521.0895724826138,241,1.0841516233206616,0.0007835684061291288,62.99
763.5822363623145,648.6556711010252,517.6672118663686,0.81657,1028.272778724072,232,1.0247393729374283,0.0007009621539550819,58.26
532.5837702422054,540.7596722937303,537.2332624386203,0.78717,727.5243876509376,122,1.049105255739725,0.0007416746425840454,58.72
510.5126907847389,520.0406984297302,594.7902527972539,0.6672,799.6117331623575,28,0.8891339428608392,0.0007532893947881572,62.69
981.7123464568199,510.95010371859746,551.5402414720386,0.76315,854.3276409360138,241,1.0422818143466157,0.0007969105534963105,60.15
1142.8755460695593,669.4919683926594,575.4992332734497,0.71598,458.76394291106493,55,0.9801169468249413,0.0007645540806652985,61.97
1125.6546436127858,663.6924863649926,570.1933414205579,0.72739,1092.8948933021018,171,0.9970039988673611,0.000691055840796018,63.83
944.987744473324,547.5639180625817,562.275366079432,0.7433,570.9306112465873,46,0.9582312239098439,0.0007198860116993126,60.79
977.6209755584949,603.4107094170345,554.2086380206491,0.75838,960.1802837432379,141,1.0108261310067947,0.0007984400340773803,59.77
644.5265231157771,622.4540607958196,540.5198698346107,0.78186,940.6032911676568,6,0.9037928070541622,0.0007537964811350987,58.95
961.3499853057203,510.6025897106478,520.3240742032385,0.81277,849.2439744864027,4,0.9133344374164666,0.0008237785008224009,58.16
715.9942208194977,507.7464838663614,514.3920885407281,0.82117,197.64347389606016,184,1.1515448475043255,0.0007905506484056212,59.81
1005.4148553658831,594.4753759260522,527.14162152439,0.80277,1119.441413787585,108,0.977869910949014,0.0007582033268040332,57.88
717.9029581275086,500.32412070791713,508.5459462174079,0.82918,927.3475443023303,133,1.0225631075326118,0.0007036005738702323,57.97
522.5404227799332,528.227825644119,582.3700188888768,0.70012,284.26863173492427,10,0.9426394334142015,0.0007359098333176596,59.28
1094.6979938175941,524.3994906699867,588.489106079712,0.68471,434.6028836669989,222,1.0875035614647657,0.0007649881501141947,63.49
1084.6939049053713,576.0091168409524,579.1055821626827,0.70782,342.78318920275706,20,0.9277626419683577,0.0007232864231009534,61.91
623.6959574761963,588.1496649064964,585.6085902367273,0.69213,626.0519650503991,49,0.952803605604495,0.000822017697531441,61.84
977.3055482221871,697.3174983522852,526.5353386196534,0.80367,70.27014906715576,203,1.1669521899166355,0.0007215170000472652,60.81
1002.125595646648,616.0119332600162,586.2625159234481,0.69047,1082.169783880952,164,0.9980815990425213,0.0007013767318536221,61.49
538.1632607105632,685.4363119829605,587.6751719494399,0.68684,442.7150767499156,77,1.031047240168957,0.0007590271093365582,63.0
649.0566663333551,553.2930662801213,565.6532860757831,0.73666,869.1827689312018,91,1.0012621974323233,0.0008138629639451605,60.33
1134.8255871964548,553.4436517274637,541.5239595600805,0.78022,515.639706625076,208,1.0867057910518934,0.0006644294933020985,60.0
1001.3663027647349,600.2136474879408,574.6056334720059,0.71795,924.488790836986,39,0.8968286003780701,0.0007488038667804462,60.67
740.2595838102987,667.308903372853,514.5643292669494,0.82093,26.934967855539803,2,1.0117277800794329,0.0008099575973171412,60.0
1073.5756685901174,584.6343007990878,503.56179950712027,0.83581,988.7716210832118,174,1.0163989219799057,0.0007731589238698598,57.78
699.0309123913814,676.9737634401341,526.006684888409,0.80446,111.88108461674828,182,1.1639810721743522,0.0007428633827949947,60.98
1150.8007195732125,514.8349008975218,594.4465156494113,0.66821,1117.1780670172668,213,0.9973448553489065,0.0007142626492786593,62.07
709.2131539691613,535.0514250806253,552.2769694509209,0.76184,979.789863598274,111,1.0022754001928251,0.000767844909066751,59.74
635.9987699451935,697.0415871954829,539.9174935327007,0.78284,533.8808522364328,216,1.097604234980226,0.0007327260221700034,59.64
722.8632979707083,630.0089661951401,567.7293841294425,0.73247,53.2026557597994,9,0.972447778084766,0.0008067563196708418,62.03
946.6071550127836,570.3243392148789,543.7837439685509,0.77647,301.8698300575798,38,0.9801646634583738,0.000699962451268005,60.25
659.5378083585576,555.2989965128984,584.4544672397025,0.69502,800.8800730617971,99,1.0075655687179275,0.000723184478421637,61.86
632.3146510404312,503.04612905090465,579.4312230268916,0.70707,881.9949046862338,87,0.9907513843925431,0.0007752129036997434,60.66
521.6082624358282,678.8901358375965,571.3320175224818,0.72499,872.750849555447,230,1.0472482098085627,0.0006930953405802787,61.2
898.2313082055862,594.9511673865268,560.2426773399895,0.7472,1156.428024795424,73,0.942471319071714,0.0006913390284827741,59.42
942.2782146562496,505.81279064433,570.008595173754,0.72777,1154.636280046157,177,0.9950387537648193,0.0006948348381864612,60.35
1067.4537012544615,633.2235329083945,572.1543168990559,0.72325,173.12292078751486,46,0.995289006696175,0.0007408829741135307,62.07
857.7712240391122,506.79746990764266,515.4528849081503,0.81969,1227.8627275127644,17,0.8815921186339502,0.0007200715893848934,57.56
764.7739314800017,586.7281703133681,592.5996927149536,0.6735,370.0242733243318,229,1.1029803881445768,0.0008083168817989756,63.66
995.9488212904721,693.9453024074855,513.2303737366607,0.82278,558.8320141706256,215,1.0862489445624517,0.0006593162418858736,58.91
770.3468827982643,531.4798037714286,580.0466027329777,0.70563,1027.2124250161867,132,1.0003423274016228,0.0006398745403573636,60.51
934.8189528695796,535.8808906047805,538.2653647026477,0.78551,98.67113552993376,248,1.1662913020670131,0.0007957321029315919,61.12
880.2428715225394,584.54389877919,523.6735721619779,0.80791,751.3440419775674,103,1.027744990509846,0.0007615789057402668,58.68
859.842541038035,669.1408432661287,531.0662344906319,0.79682,623.5615072514765,226,1.080318177831645,0.0008578100487393983,57.89
1164.2506391273955,655.3822215880728,564.4486864658471,0.73905,1176.8898558694389,76,0.938405214197791,0.0007298916870431111,61.47
600.7954010871218,598.750241771439,515.793098688441,0.81921,668.9258156293405,180,1.0731607418401443,0.0007470631822312455,58.32
1085.3509094447322,549.821588878664,538.6879909248836,0.78483,143.5451612702615,237,1.1521790932706841,0.0007460779625637582,60.29
871.5437008274823,664.4761024393679,500.6096191763414,0.83966,983.9351864367292,76,0.97607787947152,0.0007018563190846495,56.96
506.89213885436806,652.5497013428673,597.0972822165138,0.66027,845.7104689993554,43,0.9107335008024852,0.0008054139184898124,62.59
1081.3022920363837,543.6175385422184,554.9390663285992,0.75705,579.9575679235408,160,1.0663087628425656,0.0007088300895603723,60.48
657.9059602641079,513.7365945202016,550.9031113749734,0.76427,701.6585460987538,68,0.9968964020142419,0.0007535281338524679,59.66
650.9325669607451,597.00920108493,546.5996102230006,0.77172,1158.0265763459247,136,0.994515215183452,0.0007495656311077332,58.51
897.0909391978478,522.9490161575109,594.8213097919702,0.66711,199.567677616471,238,1.1225522589371817,0.0007241213355795391,63.74
507.9688355663118,626.0331697087528,569.0190463287795,0.72983,78.28933161283594,148,1.1513046696878313,0.000760479484151265,62.41
729.8025317173724,621.4868117553431,599.1887981148933,0.6537,483.81044145332095,8,0.9010252142487412,0.000749914697833411,63.54
803.7703070357383,602.9631872972717,506.9228818828562,0.83136,755.4727310391572,60,0.9865280035940877,0.0006631043227017752,57.79
602.5829083945047,517.85767749274,553.1106932334311,0.76035,290.7347896327926,8,0.9621462208202342,0.0007537614910158094,60.47
823.0078611476831,618.5230711523482,525.4892837021096,0.80523,108.5736082444142,81,1.1076419378719282,0.0007804056252578231,60.26
1133.5649604989067,651.9344263597568,557.6478779639833,0.75208,779.6639465591227,228,1.047035200503692,0.000775753440707994,60.46
731.6005076285933,608.8687268105878,563.8233626511352,0.74028,247.49506095079954,200,1.131836804643471,0.000744507091032813,61.77
695.6303216271881,555.4691099868203,501.7991347071485,0.83812,25.12468711846976,166,1.1834361324079419,0.0007782356860623422,59.83
1168.614998112591,523.7405906169994,563.7421686956511,0.74044,789.1746366323855,240,1.0432168302868197,0.0006898285969177641,60.94
1146.8408230677073,590.9510386608208,559.8176484321555,0.74801,854.9719652874267,234,1.0372249009510426,0.0006614570397130763,60.19
1136.9207248875323,607.6210551722742,542.0392350931826,0.77937,21.635681858585183,0,0.9876368613598847,0.0007231581451623308,61.09
711.1819775461861,613.0042161541159,525.1273117572407,0.80576,957.2956243212672,60,0.9567271957405309,0.0007814225780961314,57.71
612.8460823131122,695.6502050445232,560.1268866298507,0.74742,226.23247154925505,181,1.1354009529770723,0.0007261022764769779,61.41
974.5666832688619,595.0920855146098,530.8615312064643,0.79713,657.4364553744103,29,0.9325885212296792,0.0007723878772887453,59.18
777.9084747220463,548.9129301442192,595.9757827160157,0.66368,678.3818524112586,94,1.0100554599205482,0.0007875134982974644,63.24
1120.453806169195,637.6406440782749,540.1039735809197,0.78254,146.89893625027435,139,1.1317214574593935,0.000739385795535072,61.2
1034.2106624485214,654.2114773139581,593.1799640172809,0.67186,463.9020501856406,45,0.9446072925273629,0.0007863152770024862,61.2
752.3027771669824,539.4601507350976,522.4887327244373,0.80964,190.98464204601362,157,1.142875622476628,0.0007797831031643318,59.66
1069.1447068642797,632.4280670678884,577.8622154811893,0.71067,270.17020833036963,88,1.060359831810571,0.0007384241277180837,62.63
755.9070016177616,602.1330319655808,589.2707290041751,0.68263,1068.3053227428265,121,0.9885734056999208,0.0007102525479885837,61.64
764.5819273931133,633.0162672676493,571.7274539455361,0.72416,470.1594843287929,173,1.0873761891420497,0.0008007153218508029,61.87
951.2902133543696,666.234822368159,501.65461500494996,0.8383,392.29410580488315,76,1.0575130764469285,0.0006949921068227215,59.18
820.8828561477842,545.6211045953718,574.3027184100451,0.71861,892.6898740979842,148,1.0218011672039047,0.0007716100425862687,60.82
1045.038740245595,650.6508521905574,587.3021487386603,0.6878,416.5849016335155,67,1.0051032300700409,0.0007754835905789481,62.48
853.351334270644,578.9168207305618,542.3850158424573,0.7788,321.80299344144106,139,1.1056452681794262,0.0007296780832110316,60.55
556.9590889494174,620.8557418921293,502.1648218837261,0.83764,1233.9268113943297,223,1.0013909068456304,0.0007346657237962167,56.88
1161.1791395791583,673.9601263181883,528.3062432658311,0.80102,196.35533950524194,45,1.014974636289346,0.000819636824628113,60.34
1001.0825641465215,612.9915245343045,564.3626822443447,0.73922,88.02738586940619,194,1.1510194245105554,0.0008003007895638597,61.54
1063.0242091162154,557.3952936234925,522.1528328286465,0.81013,20.772944146979903,10,1.0033837548241133,0.0007650726804197112,60.05
560.5053736258516,634.9366548048761,566.69178409013,0.73458,568.7051251045913,59,0.9938985713141365,0.0006863881520896237,60.83
833.8197187252697,698.2351995586037,553.6562880862527,0.75937,370.9541679626411,24,0.9502536443416967,0.0007877188707932443,61.14
1087.178382633053,539.6201305304076,552.6094624125183,0.76125,1031.383735390662,116,0.9885938083898038,0.0007370701683315379,59.42
673.3244039866635,508.18308206989076,593.0619096890997,0.67219,796.8108877929368,137,1.0279568883092378,0.0006876259207219249,62.47
825.0334284355374,678.7299338494935,504.54300936334675,0.83452,1136.5328935361615,225,1.0103708175905675,0.0007659577519738833,57.37
820.5187029949919,686.3531509115852,597.7415330913904,0.65828,201.14868628695683,158,1.1087932800110378,0.0007327499691045034,64.17
1123.2441712490586,654.9813099420753,565.856807527356,0.73625,1232.114775143337,220,0.989309940838606,0.0006903030437306731,59.95
515.1467458911263,590.1427882319085,531.8142196447461,0.79567,673.5361667676287,135,1.0624144749660547,0.000709856071734335,59.27
1072.9228845341127,601.7688121787088,525.0341369966419,0.8059,80.170265391873,106,1.1327677693600422,0.0008610695811572469,57.17
943.1800426794051,644.944206042988,591.6628932790893,0.67613,952.419000489811,183,1.0186966353939615,0.0006723707897282575,62.32
632.2643259542488,508.37664440475623,531.3289496707062,0.79641,147.7288345370505,149,1.15115632159014,0.0007584119832281842,60.55
503.5687224469202,530.6746287676866,584.0183008040015,0.6961,352.85267715348874,152,1.103731453812586,0.0007421839652463675,62.53
922.4950957227788,584.911186391525,596.1533692593543,0.66315,332.63153686789224,42,0.9485619194303899,0.0007199301457813694,62.88
1169.6556943091061,629.0255892887897,571.2177997428895,0.72524,111.05845599924834,174,1.1345854475737096,0.0006954892644372435,62.87
1196.0256093575726,578.6670890715528,592.1294413076631,0.67483,604.6306755872853,134,1.038536550626549,0.0007879659564375418,62.7
1193.0434793802174,576.5618506942836,531.4988595987061,0.79615,150.16885046731446,213,1.1488327540613201,0.0006946697398625398,57.71
1064.9490276555366,589.1774534235091,536.1825768034661,0.78884,60.68199969250559,44,1.0295190295598027,0.0008133080386749413,60.52
1082.0119095249142,580.5306926827751,545.1791486174832,0.77413,675.6244956059868,206,1.0609978695495588,0.0007614526997228731,59.94
935.4305306243274,685.6365479823443,519.6470328728803,0.81375,811.6346016077138,141,1.0355443070692671,0.0008836913067338001,59.1
808.3590951194665,519.0730740760621,561.5114079913196,0.74477,665.5734887857212,109,1.0380289839751737,0.0007365697987710609,60.45
918.0758100041899,609.9320641527274,595.2854718515258,0.66574,122.88436235133507,8,0.9327790188960052,0.0006984690674404328,63.84
1059.9549713904735,658.0176174697222,580.3078290914543,0.70502,1161.1394344797413,90,0.9517827126030215,0.0007674208581384829,61.3
677.9319636554948,624.8741032403767,530.7757878795188,0.79726,445.00184284695206,199,1.1111088678476806,0.0007916538546071478,59.72
524.5461579680606,562.3133191462346,503.1174806438455,0.83639,1115.5341534977556,184,1.0134930743066282,0.0008485662860204074,56.86
750.6632855941052,575.0816042377558,562.1846438403074,0.74348,661.8741782401629,165,1.0610413807058858,0.0007602500596142777,60.63
792.0277305376068,601.345231503066,545.7353907931931,0.77319,358.7271645546188,144,1.1044234902745864,0.0007775271773885669,60.26
1020.6275685463522,672.5140567745392,502.4171677649144,0.83731,338.5856923173842,236,1.1258949455022054,0.0008511757723057855,58.92
1173.8167743781025,641.6649744739373,547.4757920094164,0.77022,148.25650214638353,35,0.9833652404909172,0.000715505166758553,61.0
526.2882943186793,500.788697871103,509.7806833672149,0.82751,371.9347843874163,62,1.048582036235849,0.0007378754864263735,58.61
1124.0482497710095,692.4363952355725,599.4463958233008,0.65287,529.4709362736403,84,1.0063954716540493,0.0008347992474999741,63.85
515.9685129372565,620.5799764637163,513.1481004486311,0.82289,532.9271682924979,40,0.9780894619598383,0.0007549298184311722,58.21
1012.2637997768519,629.8125077726374,569.8394431237444,0.72813,795.7078410083265,206,1.0425619891849356,0.0007168159544555686,61.34
1052.9568100212828,590.5570512448327,576.2118859222916,0.7144,91.06758744736716,7,0.9539528215115576,0.0008002838487402015,62.1
570.2560668232725,603.7341619246936,525.9120551136103,0.8046,283.78227309467496,70,1.0712157414426187,0.0007978671412418476,59.76
789.6889113662266,538.1819716733537,522.6386362020545,0.80942,37.574939434385996,114,1.1532505018454529,0.0007278738691440229,60.75
980.5960783711548,654.020775718746,584.7515456094917,0.69428,353.5973667388095,63,1.008279661166424,0.0008087063476645889,62.73
824.7711210969325,665.2637553628889,547.6279118508894,0.76996,19.32996550644081,47,1.041773192620369,0.0007667518335741678,61.48
1027.5485095057134,660.2644479576517,556.3591864546444,0.75446,285.5043547725474,62,1.0322403086815373,0.0007490657716532138,60.77
991.7329361297454,641.8634945438362,581.5207890608497,0.70215,1042.296805490866,80,0.9547445670687317,0.000772642527418386,60.82
654.1321938573346,524.5074691563526,539.4738027455653,0.78356,1179.3032709125669,68,0.9434370754553666,0.0007101324270475178,58.76
1117.8573186189883,588.7093618666577,520.4836122001249,0.81254,72.81664944139465,124,1.1457812615930174,0.0008142067229820936,60.21
848.0794707619408,565.2926545054563,522.94696733554,0.80897,233.30171617116056,91,1.097822238777916,0.0007952619207672448,60.0
579.2347295846936,591.798751875462,592.7635165717609,0.67304,572.7506201064452,187,1.0752134683960195,0.0007563712019049053,62.35
816.4368177061283,597.9147972581546,597.5616283475052,0.65884,308.0242169078522,58,0.9962392035124721,0.0007593718234178013,62.76
956.250502502779,579.3210198366291,527.938915125641,0.80157,1016.3050864030132,230,1.0219372244197171,0.000764934225826203,58.72
986.4219957677815,603.8855451427164,565.5651284019852,0.73684,920.4758345686805,219,1.029323523134387,0.0007544029277796127,60.41
1072.5770644107902,698.8382604346032,530.9653662349247,0.79697,752.8678074309688,159,1.0463406482719733,0.0007679957595998982,59.27
1155.521638241209,557.7560459519118,572.7027373032386,0.72208,1118.450185604487,97,0.9620601258423144,0.0007767737620314112,60.38
659.6541136887993,586.2917566848837,552.3192579243813,0.76176,843.7359560513567,91,1.0050751715138324,0.0007582516876980484,58.93
1009.4533409861587,533.1588274156512,524.5486504118851,0.80662,760.1488021804379,196,1.052242248337021,0.000728243174462541,59.13
610.2364864910547,539.1342191281375,516.661499110331,0.81799,161.0203676536543,1,0.9987773750718705,0.0007966441890160099,58.35
1040.040248226906,686.488616280923,539.255315920848,0.78392,609.2409656984919,96,1.0356244555662513,0.000747544078259555,60.13
563.93987336627,656.0522158421556,511.7674177067198,0.82479,514.7663995239965,233,1.1076034756926145,0.0006694301804543591,59.48
811.1698869956749,519.918716104044,507.4963655288378,0.83059,485.00105529444807,115,1.0784758515014363,0.0007214287065070949,58.75
519.6353071484667,595.4793526801994,587.2584687787518,0.68792,636.7574343646157,238,1.0749861547422608,0.0008320923270965506,62.24
1019.3377211010501,510.43153624854915,530.0989206988843,0.7983,787.7664308560062,147,1.0379268097190337,0.0007217430746966187,58.98
867.5502703106258,696.5546049938655,582.6369880571749,0.69947,340.7172077624984,186,1.1027228568204843,0.000851315671796103,63.07
506.0419245671498,570.1841454055029,516.3561584492988,0.81842,1181.8708094247643,126,0.9903673237225213,0.0007291994493461638,57.54
1165.9815184996173,594.7661369046291,529.0671560821429,0.79986,477.76039690189316,205,1.0931637879916416,0.0007647653036617885,59.16
622.1481657236301,522.4853578436386,541.4773501690878,0.78029,819.4608069974661,196,1.0522600196879512,0.0006664336266450113,59.19
605.7305045456098,694.7452662204225,569.4951012973479,0.72884,419.6695559305935,130,1.0876080973829974,0.0007425757022685194,61.23
809.6742980514327,616.871002247084,584.2848001866014,0.69544,404.64780666449155,6,0.9218428318391897,0.0008285822016721702,61.82
941.6474675287376,619.7431296339914,596.2168714757859,0.66295,970.3510949441525,203,1.0163040305427002,0.0007308656595913982,62.3
940.4558149539866,596.0925755657851,559.7711702244965,0.74809,395.77713767418686,64,1.021909674218612,0.0007795804356552075,60.68
544.4778780207217,590.3565402540872,587.137757325422,0.68823,106.39188883942748,93,1.0983638254614945,0.0007105835309849257,62.97
710.0547784274762,697.4690211153438,551.3775693545349,0.76343,396.8979488309265,44,0.9842494353416693,0.0007789531109182629,60.5
955.3400681170256,545.9850566359863,588.7404957234642,0.68404,1029.4715484958806,53,0.9119796137057735,0.0007028600495284756,61.39
819.7379294945924,597.539271385655,513.8294802564179,0.82195,933.6612284473993,25,0.9122141430937973,0.0007170981169045788,57.63
1148.6171961037548,545.2283343462858,599.6815597374084,0.65211,243.2922289267639,149,1.0877573908891638,0.0007407245262868065,63.55
778.6294597675003,695.8517471358343,588.0569070300874,0.68584,309.2968628767609,87,1.0553796650985796,0.0007419739027813659,63.12
554.4085766460032,688.8047580820266,500.0020048631662,0.84044,588.0618407924702,201,1.0927972040618523,0.0007959522383483588,58.19
989.4818575837007,599.712443599755,535.0489405797962,0.79063,869.660509053117,115,1.0153212159612919,0.000720086451416606,58.46
1054.5537858999353,686.8160782084296,506.2176079876483,0.8323,229.24831211557571,150,1.1304707047696319,0.0007562922600161502,59.66
719.6238092255187,502.1473656026755,589.9497552738354,0.68081,1089.9483375338975,217,1.0118121977014605,0.0007921005170535259,61.52
1048.6753332598614,567.4498808122314,505.6211106477562,0.83309,903.6827130775904,105,1.0075563168053532,0.0007441167032748,57.65
1194.343033521835,692.0697319730116,559.5824449616011,0.74845,335.39664637361176,173,1.1022032426383845,0.0007639428591587896,61.66
724.8823582981513,577.5015546067203,596.9472378427356,0.66073,764.65530941509,98,1.0075109944174898,0.0008129236874849917,62.55
666.4981437200778,529.2261193416762,597.9757678330711,0.65755,317.1002907029334,56,0.9926289902196849,0.0007721710167651734,63.54
1185.9205392809333,597.7404773947372,551.2804458469066,0.76361,85.5217741709373,2,0.9727823462904237,0.0008310446947132758,60.85
797.6440364108347,507.527345540087,589.0840947186499,0.68313,833.0667584909205,140,1.0243597076268918,0.0008176649616513843,59.57
586.4603555564452,654.7502780157781,513.3225876252798,0.82265,606.015163465986,83,1.0395587667489157,0.0007511303621953584,59.16
911.4274260147715,644.1605787226719,541.0423096063718,0.78101,289.7844230706745,84,1.0724351426884005,0.0007148325666957063,60.65
942.4670000706452,623.048847752998,517.7314265366259,0.81648,994.916358789051,41,0.9156895835867664,0.0007835574122929861,57.6
845.0970589954368,519.3183569274302,544.5914886887414,0.77512,574.8353063940942,57,0.9935907857284799,0.0006992723161105441,59.29
1079.5088670436135,523.9525598279686,531.9909822446219,0.79539,568.0143231866056,202,1.0800362843752453,0.0007833383314415282,59.45
571.517644929197,555.7805160044946,590.318816434718,0.67981,586.5569873207367,156,1.0654334885650296,0.0007584379230249533,62.57
509.1394587579385,586.4558760892036,535.9122663376019,0.78927,733.6233010883336,71,1.0045438565011775,0.0007344187729323821,58.49
756.3030569282505,525.1356886923614,524.0117340329774,0.80741,1216.3575505803,63,0.931191503939946,0.0007712854897199811,57.65
1009.9218295509743,558.0345373751245,563.4281775197904,0.74106,1105.8073307379732,157,0.9945906726025109,0.0007534947505686601,59.75
1067.8447158383078,680.7621080225823,576.6832795223962,0.71334,113.505007991198,113,1.1078349491572395,0.0008151868960889231,62.49
1128.3142203347652,524.9648324799151,577.6114474020557,0.71124,41.252423469661025,169,1.1421827171251315,0.0008455954085308288,63.31
698.1442378952406,577.977110403908,553.3796892663975,0.75987,975.3335340616405,31,0.898966940181565,0.0008395512203423362,58.96
1050.0975631526528,540.8804610851603,551.6650828830398,0.76293,706.8297343390385,37,0.9253364465723425,0.0007726294283500708,59.85
1016.4322345325212,676.3487578546318,592.85686003088,0.67278,968.1389696716059,31,0.8709614159299268,0.0007414418526493267,62.47
573.8322190853369,588.9794494282024,517.9145901683194,0.81622,387.11270974688614,231,1.1258340256813304,0.0006883733606117105,59.38
590.6756996924066,670.218094252867,568.1734858897272,0.73157,591.2008063464147,212,1.0841649273789646,0.000810967130179041,61.27
714.6233791137096,643.773798469931,545.2330504242478,0.77404,710.8257712291361,165,1.0593170915475107,0.0007737827356683842,59.61
1097.9072891106273,589.4470961283215,593.8943209362756,0.66981,1130.005128616111,225,0.9979419528278622,0.000678444560786556,62.36
603.7403777652411,514.3541518508779,533.3823907440769,0.79324,798.5598844499596,232,1.0599375000836748,0.0007118988995471308,56.67
555.9509423625226,542.1753688837632,530.1254413418619,0.79826,1166.2502618398587,109,0.9832466984815424,0.0007163916267312342,57.92
1026.7593297293897,564.5644347076513,565.7981055230938,0.73637,165.31100446485135,57,1.032564032885036,0.0007459610712143398,61.44
810.2944325142093,514.0952797714882,584.9443102385039,0.6938,1134.031834711885,38,0.8760456321366135,0.0006942219845754251,61.59
1132.9137523006193,532.6741146750322,593.4170824941231,0.67118,73.01662291854726,150,1.1195336457260388,0.0008597305753075889,64.18
749.1362743743884,662.6883996144871,508.23563413846284,0.82959,893.9660324677965,169,1.0360425575706576,0.0008241507642286049,58.04
1035.7040563780515,617.072016138163,507.1169970032545,0.8311,449.43199620063035,92,1.0633532945341229,0.0007245549173424035,59.15
734.1223342075043,587.3751915293385,587.9677704037664,0.68607,1095.2511238261368,152,0.9982491459540491,0.0007485985901851932,61.58
1159.9461404613721,529.4348629583606,525.6216054211059,0.80503,539.413929588938,72,1.020172683528814,0.0007207693295860697,58.86
1021.230389196515,650.4876403033602,524.9465779302597,0.80603,747.1772127244888,8,0.919901729732199,0.0006923185291787927,57.52
1063.9502068887596,634.1774271565826,564.176169454167,0.73959,298.86325860230096,226,1.1183674926746017,0.0008142032236897728,61.54
534.089170915205,615.0166600530896,547.7171118971546,0.76981,293.33273072464954,103,1.0983203279639597,0.0008480746043638061,60.46
1076.8856592836203,522.3467046784575,531.2743408898317,0.7965,672.8425231314004,121,1.0435758476174373,0.000820036192715216,59.25
625.3206291859567,557.8618187783871,568.9171203147821,0.73004,863.9432102722025,137,1.0278036587501134,0.0008233705110508209,59.94
554.7964671405352,567.9880151699731,573.1522532611664,0.72111,12.992451308051548,163,1.1633932816216352,0.0008677171910756686,62.25
518.4179502037497,579.755559593012,587.7603775382995,0.68661,738.7504757684892,159,1.0494669882025907,0.000768841510014529,61.37
1080.9079128344592,672.2055419650376,557.0388588572964,0.7532,1192.8264837337347,236,0.99618876238539,0.0007335477032601784,59.53
850.1645146484059,625.7601137661884,575.5789760313237,0.7158,81.44143000824184,109,1.1164772813361663,0.0007666913203617342,62.63
618.9959598271594,561.1451256668047,550.2892270224919,0.76535,311.31889878154124,11,0.9624091555454103,0.0007949428760841803,59.98
677.4737950688109,515.2320401046865,561.7389328659225,0.74434,601.3809555256383,115,1.052027053898677,0.0007746288619576156,60.66
1017.2424777580692,549.2601201097646,556.5908276436521,0.75403,1223.7556638703618,233,0.9938869584046457,0.0006718232330512524,59.09
842.6703624124264,596.6720164283005,557.336691780757,0.75265,222.12625425437645,98,1.0955526831263942,0.0008018142095490106,61.49
799.4269307590507,632.78981146822,567.6207980811321,0.73269,1218.4880309809653,158,0.9876559363480105,0.0007338295498767614,59.91
768.8388494899954,558.7312364319087,526.1942306887743,0.80418,306.5545214317886,93,1.0893714822654195,0.0007394029764974029,59.34
687.1426625840568,638.0168411190417,521.8209725461626,0.81061,1078.5113251835096,211,1.0165697364578836,0.0007805893277172477,58.28
1155.9821711242728,679.0736291926492,534.2703260566876,0.79185,142.82681067561725,210,1.1505178022842906,0.0007171023542158866,61.09
656.9929257523518,676.4483576552409,535.4428052761942,0.79001,908.9034884773876,153,1.03047220877071,0.0007157990262412891,59.24
1176.333702816019,665.0620601901292,543.0653333876851,0.77767,177.94810060141143,63,1.053872599029998,0.0007893205003831909,60.75
958.523922237943,656.8181946987656,508.9448523264217,0.82864,685.6348510193397,40,0.9501118916754985,0.0007738697825015342,57.88
683.009655593053,517.3146385929879,549.8279725040355,0.76615,1112.985056249716,74,0.9561661099256477,0.0007929038998652126,59.26
565.2056254166991,685.2118816904417,575.358592383687,0.71629,133.7989587584789,133,1.130784894470202,0.0008572945226805408,62.65
563.4599136935226,575.4417451400902,592.6934302599032,0.67324,1123.4356399628346,59,0.9212196331197603,0.0008129715669553705,60.05
1199.6101727358432,513.3575319110148,511.3254287459988,0.8254,666.7232070908749,110,1.0392574642974537,0.0007509688452700329,58.18
808.9632613813367,656.6521902386276,509.157698362507,0.82835,1064.710702856887,246,1.0196711973751493,0.0006619103453102515,57.88
500.50342190513635,627.9205494843908,505.38784593857883,0.8334,965.0392283356395,222,1.0410057568450115,0.0007792241756925222,57.05
788.5776075753404,667.933758565927,598.8375892875672,0.65483,687.7623339360314,235,1.056757238749445,0.0007153020888766138,62.84
1088.4078184928494,675.5861850774219,599.7041294297076,0.65204,436.40625356532195,77,1.0085749909225015,0.0007979072279127638,63.68
783.8039669172236,534.0598830812061,503.65930326205427,0.83568,1021.7758921553731,36,0.912988269779808,0.0007570663239449716,57.47
558.2671740539294,604.8003634804732,506.3006912254598,0.83219,1147.84662010596,151,1.0024913440872756,0.0007560628144243433,57.55
971.1688144821861,511.64657498309583,585.0402354722078,0.69356,323.88735264631975,53,0.9894927618477405,0.0007378696442984252,62.75
664.1703794636462,673.5185143444,565.9625240896427,0.73604,332.0405018597073,107,1.0845238102581582,0.0007041683309571107,61.83
637.6032043845836,560.2957328241779,555.3750492116972,0.75626,42.23312999880748,152,1.161253633722273,0.0007912047357702058,61.41
675.6836416880385,599.9027646940965,589.8263867000699,0.68114,757.0187392490213,239,1.056520028920096,0.0006987294410333161,60.0
669.1163563638933,627.1248980289603,584.3007432279493,0.6954,1025.507793698968,48,0.9104992899126484,0.0007564921498125515,61.0
668.6469815745247,684.469855898382,546.4720357754976,0.77194,886.7260956196201,195,1.0403733270103732,0.0007362414875079309,59.48
990.3984956500224,550.6305028509295,575.0634589799126,0.71694,597.0347607445649,4,0.9083460765711057,0.0007509793971921313,61.3
749.795207902953,651.0057600817048,561.0421964953659,0.74567,629.7384915238246,30,0.9252815184522746,0.000751767791816269,60.39
741.7021205881235,585.2284873810436,535.1861802274303,0.79041,34.537727675709554,69,1.1011112632818008,0.0007661250354102464,60.45
567.4470911391021,657.4131960265662,566.70241465123,0.73455,912.318682787958,50,0.9360488998994699,0.0007748311039500693,60.1
647.4052039401706,511.13369666389883,553.9281559820982,0.75888,57.67579065473419,155,1.1605513834553483,0.0007230796128209532,61.84
597.5664145097519,681.4258374430918,555.6607361914804,0.75574,1045.3239777838794,224,1.0261749952413262,0.000797057232623977,58.85
1032.0043584950945,586.1744652436639,590.9931067513753,0.67797,696.2415590807891,32,0.8935424835168811,0.0007476575627442719,62.36
904.3472984768965,602.6907534252991,578.1007329534348,0.71013,732.1209972951683,185,1.048589348342721,0.0007732220326449285,61.0
782.2265273201581,537.6982354430511,589.3487465332997,0.68242,836.9967329860375,46,0.9170440092109755,0.0007931711783019905,61.61
1191.3220190661339,525.9208942519917,508.6552822451148,0.82903,889.6524683013196,10,0.9099991149679884,0.0007866766907934522,57.73
1099.6872230468216,634.3825102833058,580.6195724104946,0.70429,856.8373137422232,131,1.0126892068958,0.0007554922174929849,61.3
705.0083882066945,585.6580019527502,505.1315105970566,0.83374,446.16325078158894,50,1.0091955916653805,0.0007123675368208888,58.21
759.2999112511077,608.5963888638476,518.4420774339743,0.81547,1186.554743270183,89,0.9641339091155022,0.0007512629165745579,57.73
575.8905673339316,621.8711253490707,543.5733278303333,0.77682,506.8628458602358,232,1.103730208918551,0.0006907867853301848,57.22
569.6803471084354,629.3143413157175,599.299779849712,0.65334,511.77271451909036,99,1.0383489684286806,0.0008136389874928706,63.5
1145.7311700751784,681.1695627701649,581.6811896514997,0.70177,1081.0361983981395,205,1.003455507945149,0.0007990442937976829,61.33
504.9043666004847,670.1455613720933,570.6528030274941,0.72643,548.3656357981016,67,1.0105837449053412,0.000761454702542726,61.42
878.7062266548668,662.9329907491051,557.1343422410735,0.75303,218.0354292773886,11,0.9606791212153608,0.0009188298998057016,61.18
606.443308961321,572.2812491948305,514.1772687852468,0.82147,216.3471157681673,129,1.1347536313029585,0.0008071219395526819,59.34
661.7084152548512,581.8703527704201,575.8512498611632,0.7152,616.1195855915349,18,0.9140311265132981,0.0007802167744854124,61.55
1131.906944603421,645.9319447574655,509.8456166549622,0.82742,566.0240384734396,15,0.944306086392149,0.0007516298578461134,58.57
1180.1948858077626,696.9421967998092,585.5323470221825,0.69232,438.889951230988,26,0.9140194688394004,0.0007598793082597294,62.66
1029.984717597321,555.128784464505,518.7428277471,0.81504,1140.9535577837187,225,1.0025783051520247,0.0007738416834634175,57.75
683.7342217332218,585.0680729184936,541.9432443044491,0.77953,537.673909505324,75,1.0321596430615734,0.0007754710641017265,59.67
887.6254172639754,587.7582681400744,526.7115454757441,0.80341,1186.9544735854943,171,0.9936227599038261,0.0007636824585648889,58.14
682.2606030917568,635.4176960871487,502.82820306489253,0.83677,720.0430581979768,88,1.0288939345675416,0.0007908407875889284,58.25
852.4429911474194,524.6094791293693,500.7244494203067,0.83951,433.40643533316035,88,1.0675266125058738,0.0007906217589617954,58.4
886.4237026907126,694.1254526111957,543.1132200963832,0.77759,495.74850140077973,223,1.0961590416883344,0.0007018280277635519,60.27
585.1156338000982,549.526289735116,532.55074267517,0.79453,778.6733165577255,215,1.062522795108447,0.0008084791831232693,55.84
562.4028818597645,666.4459693767516,582.9096956795362,0.69881,215.2225072837734,75,1.0613831858182228,0.0007295093170926057,63.35
856.4117241156821,614.7037290724049,512.1580655212093,0.82426,626.6130779300038,128,1.0618983918988272,0.0006958554847990135,58.4
870.516993315215,615.3116054383311,554.7209321432352,0.75745,184.5044437532206,147,1.1294659589895646,0.000798562925744539,61.11
548.9872818637058,649.7825109870103,524.3501365915843,0.80691,663.1160519662255,124,1.0604706224676945,0.0006947397880305388,57.46
523.5612670256755,689.1230200348084,529.3550356261662,0.79943,5.697590316835091,66,1.1108461292011513,0.000785572967823942,61.19
1151.6050037978598,568.260394291138,591.013534735722,0.67792,362.57212547463683,116,1.0608366878516866,0.00074202697596784,63.06
1157.540147463947,680.2493389958781,598.4834382717378,0.65595,230.71993369844137,15,0.9142784663845087,0.0008300538549950798,64.15
1114.5975759135486,537.476955546775,501.16134605044635,0.83894,1010.426670027153,43,0.9177375819773151,0.0007162253836414329,57.06
1028.6554214215373,666.6933778507989,535.5117460244875,0.7899,575.8368720029825,4,0.9340442935921296,0.0007369120328706132,60.03
849.8184423460141,605.8340858995591,580.4119284018898,0.70478,252.15766165327076,174,1.114825245517776,0.0006848513047477968,62.65
816.1378965995713,626.3237160658196,586.9051802370846,0.68883,0.7757011055844865,245,1.1628500545870273,0.0007370002114378678,64.01
1135.2673621367346,592.7160313707437,509.6133885823725,0.82773,357.0408878278716,207,1.1171628299404452,0.0007460683511720848,59.26
705.9667232422034,673.204729743042,599.5659640919423,0.65248,667.2581673795116,66,0.974327190652387,0.0007589905487613803,63.39
745.4978632930279,669.7102405822594,534.6660606382609,0.79123,1052.7450778090406,126,1.0010283841608152,0.0007310387617073352,58.75
627.941969057771,560.9309037044185,594.1615870683142,0.66904,954.877215434562,19,0.8719060766024515,0.0006460596111968232,62.03
1119.2168396580205,501.9945315944046,503.83648918887354,0.83545,891.0546854394082,178,1.0307391921110634,0.0007106141878365646,57.88
879.4659113119872,565.1366406455742,515.5959577827629,0.81949,843.145721760927,187,1.0427916189028064,0.0007056710402451819,58.13
1087.5732117078664,618.3391133946545,573.847385326143,0.7196,472.130801896355,189,1.084184355241496,0.0008162916832195351,61.9
1011.6819834045818,675.8682756558912,599.8908398970542,0.65143,652.3835015371568,226,1.0547078834478183,0.0007153270132106401,63.33
680.5213230872624,598.4885317985502,543.2930171863686,0.77729,1126.1255934239816,86,0.967710918604327,0.0007274308163072326,58.99
739.2578804087683,681.8325923706968,568.3009412760013,0.7313,395.1222616215039,146,1.093886194770042,0.000810004694790342,62.0
577.5769725331475,648.0365668247756,520.0833768770348,0.81312,1202.3708391835237,120,0.9842435421198273,0.0006804362601461736,57.51
1093.113919593578,620.0779252854272,518.3172791247957,0.81564,577.0425675001799,178,1.0770665136862116,0.0006734928986785841,58.73
754.1906751856937,643.1388607017748,517.1948342709157,0.81724,1077.718128106625,139,1.0014052148602435,0.0007126397765617259,58.09
1076.7176487134125,546.5367891745624,525.2159713747195,0.80563,415.9040123309812,92,1.0648224307189114,0.0007422791501334209,59.44
643.5524509316203,652.3137903295677,581.8524712746287,0.70136,1114.7043798088603,206,1.011083895630607,0.0006854241179999608,60.98
1110.4772383242716,538.9924442566573,588.6468211344043,0.68429,691.0882600249707,34,0.8968497692164943,0.0007891601509651294,62.13
564.5849319214719,593.1326393864449,508.0114388804828,0.8299,92.93057991771097,242,1.1848848681059838,0.0008379007198835236,59.75
855.4053774906233,689.4684179896726,597.8258409743954,0.65802,805.553400055789,166,1.0286225309970436,0.0007564557259646972,62.88
786.2173457314161,672.0677266534008,548.2017652449448,0.76898,125.32582032881261,113,1.1275539588772763,0.0007997093654229841,61.2
790.7085336894279,682.1487128261242,585.4496213483383,0.69253,979.096040629893,202,1.0216730850419253,0.0006996520440108387,62.15
868.854698023589,687.8380857235079,521.2574576588385,0.81143,785.3719098025608,248,1.055496138259558,0.0006855885403534626,58.81
843.6309812149899,520.4630253113689,512.0233396611723,0.82444,1152.1753231755129,18,0.8888130169470015,0.0007707542467257333,57.66
793.5709864963146,562.1950957889791,501.26291068781916,0.83881,4.512429896773264,121,1.1694836459689617,0.0008367601564503817,57.2
892.8564014115468,561.6526583640707,530.2289708836744,0.7981,257.6761548385001,198,1.1358299029243202,0.0007576896224819861,60.39
1000.0674656638681,695.0283384224809,573.5184592353139,0.72032,995.6211866245516,149,1.0041305774404048,0.0007569672507756603,61.13
711.9396481909054,583.9761369958222,589.5703583418401,0.68183,544.5229796623549,234,1.082442880115913,0.0008149527663478127,62.56
1158.2712844846128,528.5859643990636,584.122928170391,0.69584,1017.3457686326366,136,0.9950027296409939,0.0007593807958427124,61.19
630.0061638239432,502.2604613549093,583.1046458395864,0.69834,1168.657522842178,169,0.9985488311864842,0.0006923117383476846,60.71
699.9521022312878,641.261705461688,571.8163172671299,0.72397,318.3390667858984,239,1.1234170612972803,0.0007431906727549453,62.43
761.39857920142,563.2800724849756,570.8218673273562,0.72607,527.4325600704086,247,1.0904671398304357,0.000697848823762495,61.89
738.5273574048451,679.7531316887436,572.6985757783559,0.72208,1160.3477416023022,222,1.005918035308422,0.000740520168973228,60.8
758.9329979663705,658.6416070332577,596.6944107935105,0.66151,460.1236802106346,179,1.0803494067532626,0.0007418834770462739,60.67
937.5578956222964,522.6525290267981,507.5421374781803,0.83053,1072.8037663148186,200,1.011901835547703,0.0006937848511677554,57.56
616.2966749490472,565.6235493351961,588.5580437448991,0.68452,481.2169358306975,182,1.086413923477207,0.000819308075603534,62.71
709.5087787559382,588.5961513341065,587.0726903979051,0.6884,602.5035871657034,124,1.048045896634172,0.0008177604694589843,62.47
559.3970765519879,561.2109287931626,598.1498472162888,0.657,848.1214189815134,167,1.0337714977422319,0.0006305539649023009,59.32
512.7334243199344,503.264182569459,511.6689103330358,0.82493,810.9552137603749,85,1.015279231023356,0.0007342438735846307,58.03
899.2204553071803,566.8110051942996,529.481137048951,0.79924,154.1892459430826,138,1.1391758566452734,0.0007998479503402468,60.16
1088.8532395191028,510.1145836280646,568.007975162981,0.7319,743.3492343842789,141,1.034719108497764,0.000736952719888424,60.83
847.2687085386799,613.9995493932023,526.8125327709809,0.80326,1018.0766983092997,58,0.9447861489949039,0.0007278900686819219,58.15
501.748591845443,625.9479780993511,559.4302399887634,0.74874,1146.6057689624058,108,0.9845892895883768,0.0007102421963936386,59.73
1007.8695657868891,568.1290218702826,574.0217292233597,0.71922,1013.5344430630129,20,0.873963218393004,0.0006909300274153944,60.35
692.2218009428535,618.1042078616168,596.0934702782987,0.66333,170.85916242111347,202,1.1274470042845344,0.0008172596110880083,64.09
919.5654145727101,545.0263655494899,567.830114000485,0.73227,225.23246579097054,12,0.9506611554754165,0.0008172779995566944,61.83
643.450250725196,554.7735218264285,583.246420728383,0.69799,1043.3763086468284,18,0.8730156481413551,0.0006345923621349044,61.84
767.2930557315217,574.210262046834,577.0230178786813,0.71258,157.64681492249215,16,0.9548888994265491,0.0006834485699325348,62.27
529.3651412359038,657.1303107666057,530.6238573118711,0.79749,482.3998721571252,158,1.099929587260942,0.0007854169100508676,59.76
1057.941979781151,671.2439586345888,557.542330706477,0.75227,584.1637924847787,3,0.9192604410509293,0.000674284320602032,60.67
994.4775433511552,505.00067773669065,549.3923420540626,0.76691,359.97210854583943,102,1.0760844543990444,0.0008175285748723477,60.67
960.5408317952462,574.6030309485034,574.5532468754196,0.71806,635.3278305826123,82,1.0072456479609935,0.0007440887797760744,61.4
1002.9767286453971,667.7265546389708,590.5092891160261,0.6793,403.0486836126503,70,1.0116730249792358,0.0007780628357714792,63.19
680.6062563610974,640.1814785210116,596.3349259368149,0.6626,189.58517521472524,195,1.1240130363001042,0.0007785148607585807,63.96
1120.9728579784223,507.1872950675875,590.0597820896116,0.68051,513.3959141141241,51,0.9553854676233134,0.0007567111828213172,62.59
984.6102302828797,684.1172491015202,594.0046438303827,0.66949,1105.1264861524355,217,1.0024424644016448,0.0007425776611372761,62.29
801.051237674659,581.5923258963813,541.3702266165628,0.78047,274.5848498318669,43,0.9996105690955907,0.0007609976034732365,60.34
796.1446693849166,697.6431102652268,579.6371581711066,0.70659,768.998567066035,102,1.0133368733257948,0.0006199583176328898,62.1
871.992156521213,600.8304570382843,504.8965619385788,0.83405,749.7651518210196,44,0.9534242040670757,0.0007850840815074619,57.59
842.0800213497878,674.2620226835255,523.0890873287722,0.80876,1183.346532374159,177,0.9951702403846655,0.000796922562323939,58.07
627.074695356178,677.6699819433445,541.1881067744764,0.78077,89.99112551782557,127,1.1496730826646475,0.0008221957179162397,61.07
844.0573882603871,527.8770246390986,571.4379268070652,0.72477,725.8692842395714,94,1.0134326595683658,0.0006935160919717768,61.27
1155.083316070916,539.3444818738271,554.1142675394702,0.75855,945.811367195842,184,1.0190959314622705,0.0007848008020296484,59.77
611.5011398730472,523.5297854460523,578.2152560329853,0.70987,44.11760470235749,38,0.9933549650387675,0.0007468948474848821,60.82
794.5914288456074,536.301236987295,572.0665917126926,0.72344,1233.3134740791077,15,0.8621310224888306,0.000685002582410154,60.17
933.7858328305233,541.8605871797982,552.9271928748299,0.76068,772.4868560541479,70,0.9831012056360593,0.0007729677143808032,60.03
957.1521640074744,521.1265368931939,511.09777043120897,0.82571,650.1385890667651,192,1.0712791867101785,0.0007941206857988454,58.65
1034.806318164634,630.7305150865604,507.0360455863913,0.8312,990.0045994401203,96,0.9897498741722772,0.0007849583410692486,58.31
1149.8911052888343,643.4823740780542,558.5003739334386,0.75049,303.0595245560076,196,1.1121364717129907,0.0007853287129028474,61.41
751.3502629799783,658.2352345019674,533.1615559565705,0.79358,414.52287266201114,192,1.1117494225081659,0.0007012421344064299,59.9
566.9415449972951,577.0799738940905,511.54189101187995,0.8251,144.92373162239141,1,1.0033829998002917,0.0007376220105263574,59.1
1142.3289747394388,652.8656703410795,582.0919864953696,0.70079,1216.9015828647139,119,0.9651985566698011,0.0007168967210384821,60.56
804.1354437134613,509.88452855528567,544.4130365143965,0.77542,740.8176826569531,172,1.053071546917167,0.0007830233344447072,59.93
864.0803880087601,527.0451458869761,537.7099177626885,0.7864,877.7966276136109,101,1.0073490975847128,0.0006947444163927036,59.16
1097.7598588419755,568.9134321875536,544.8249233345571,0.77473,663.5814392139605,34,0.9289712764272314,0.0007571966687794759,59.53
739.503061076409,664.1078961672333,518.206564778601,0.8158,732.8480346449867,19,0.9315962870057604,0.0007286257555074754,58.73
930.3334339966606,531.80237384761,511.8906672853873,0.82462,915.1608199987611,19,0.9107088918108442,0.0006729317145217284,58.12
834.7286092810554,609.4510374347351,593.3024533374069,0.67151,987.9880833757757,139,1.0017388627730968,0.0007242286676361693,61.5
829.1972686898172,598.332850398596,566.8263013130966,0.7343,525.1299216102178,86,1.0350117836456132,0.0007517160703208798,61.2
1184.7961402661963,547.9406072476477,537.6385934172881,0.78652,1093.2003280626366,166,0.9989487230313172,0.0006777104363309055,58.83
1192.8406359837777,604.3570672660732,513.4873333147021,0.82242,1083.8214132327098,122,0.9863824270073122,0.0007971989048878256,57.71
762.9097050279406,663.3768824602132,555.2973962487381,0.7564,971.1935472860781,234,1.0294914299100293,0.0008241526911665405,58.44
760.2270805706139,670.5078967641394,550.7665253612848,0.76451,691.8732595824305,95,1.0276808262810257,0.000767326834512874,60.4
736.9956449035061,626.965161865169,515.9594183840044,0.81898,430.98630915980874,168,1.1064634842879943,0.0007197368629659086,58.85
635.0014540414677,582.3949988123809,508.8790077439025,0.82873,454.26596645696816,153,1.1022781509640374,0.0006947149932442402,58.76
716.4648579626845,627.6737188956474,534.0607673794783,0.79218,354.866878462285,126,1.1029564044034497,0.0008047236573800121,60.04
874.9874292991308,568.4873700669516,586.6840458889153,0.6894,847.1685050545306,109,1.0054582791357136,0.0007210203034485099,61.59
829.9024426760132,631.8658722868919,573.9429988308262,0.7194,248.44189096314767,44,0.9838155615212749,0.000731233105709408,61.95
1078.685658699263,554.5717209481963,558.3728494401789,0.75072,1214.7417575362458,126,0.9724448661960003,0.0007139760058367638,59.92
560.9163758964721,564.011897807431,506.8372793625725,0.83147,253.54327727122174,124,1.129687471401264,0.0007300282110591518,59.19
675.8801011492444,562.9647391901933,506.07768959267344,0.83248,296.8773020882874,216,1.1404908257837783,0.00077911908341382,59.52
771.7361317739536,552.4068333278212,542.1902480327537,0.77912,858.44993524437,203,1.0438821868879309,0.0007622981848571953,59.31
959.7741595751557,570.9131168607568,571.9041330954361,0.72378,598.1914742649033,149,1.0591147999173773,0.0007579369462412251,60.28
737.54997230194,646.9412705180548,534.4255039989396,0.79161,205.24779482680736,212,1.1504293278496662,0.0007889114412373457,58.15
582.6702548361169,530.2204966288318,517.0704122546965,0.81741,497.899654635144,211,1.107315850796248,0.000735238980692639,58.95
817.8717139947155,652.0140336064795,586.1237187601826,0.69083,174.940048748238,166,1.1226032692121686,0.0007905754600364223,63.24
718.9189185270169,683.4697251815919,538.3961651683909,0.7853,1040.6094856474517,150,1.01196855472247,0.0006605602331321764,58.37
962.648729627708,504.33717997873373,517.2076088921993,0.81722,649.2595989485169,181,1.069629366198116,0.0007035676957458894,59.16
781.7697760201581,526.5386910926555,566.1430654708812,0.73568,1020.5258614686555,133,1.0035268690210162,0.0007075122454968278,60.05
770.1256223943071,513.4385003153709,519.7814270185581,0.81355,202.40528271030445,176,1.1465714517739034,0.000708351331947086,59.73
753.707933710318,693.2002574862627,535.669824117618,0.78965,835.2892080050292,157,1.0392990477792698,0.0008037914989394274,59.35
1058.7504483490172,670.7078719623346,564.0922403124549,0.73976,1165.5788451048688,171,0.9906050796377232,0.0007539955345413076,60.36
630.2364863576087,652.768684848831,566.5642095711464,0.73483,867.7849207930554,204,1.043363750265866,0.000754221317528491,61.02
670.9339155829324,584.0056555726588,598.3581905575211,0.65635,753.7914147948517,58,0.9481300136515026,0.0007168359335110863,62.14
1083.1026511512223,625.4958776485867,520.9804457852001,0.81183,644.4112518734693,80,1.0187597244249629,0.0007293302553875001,59.12
939.4120488770718,582.1859497493764,507.36573011556834,0.83076,500.7591201204733,190,1.096984945492334,0.0008230354737511539,58.98
1187.0252388305216,541.084664202463,504.64368252610586,0.83438,63.36766208243775,214,1.1731935950411208,0.0007471826108297092,59.71
800.492567327953,591.1471772422699,514.8594055624371,0.82052,127.92157780144154,142,1.1522011527137557,0.0008463091373945657,60.13
642.1886382863898,631.6713502198784,519.1028492097455,0.81452,876.3045135483626,154,1.0383039720509872,0.0007259345135494939,57.11
545.7208101311908,582.7789094964055,570.4352256664777,0.72688,1209.352662295998,212,1.0045549084946084,0.0007839523565811088,59.86
777.5732528247365,616.5824635476897,558.2865555456899,0.75088,166.94643529647036,41,0.9989582566138515,0.00075674574176697,60.8
502.4069270884694,548.358363704685,536.279239778049,0.78868,918.770263847617,6,0.9111092871272306,0.0007536503268691734,59.0
656.4325468845341,679.5758890346755,504.1626460978469,0.83502,638.5567458628847,176,1.0763347261737342,0.000673326315413829,58.46
1122.1833306547228,572.8106715330473,527.058530024806,0.80289,518.3486210311423,165,1.0816752981065059,0.0006359046994471231,59.41
672.7218497986723,561.554115636094,548.4853457757755,0.76849,709.657847116599,56,0.9754453966667143,0.000734796608085293,59.26
1021.8653058714534,628.7148995628479,574.2382415527858,0.71875,176.61907845819067,87,1.0756968138721068,0.0008098605797628295,62.65
837.7739289042759,689.2371757759304,509.97314560070413,0.82724,851.6244096453167,26,0.9214601623666072,0.0006811730993251418,58.26
986.6797321144361,633.8797447113564,529.877977453333,0.79863,679.8901277961322,181,1.0631736816598751,0.0007077321697449723,58.91
1041.9097472573012,635.1769360913132,578.499588478571,0.70922,473.27746309274835,118,1.0566359253673847,0.0008015717050199538,61.77
697.8695575677465,682.5615623498253,565.1067183477323,0.73775,364.86823308534645,48,0.9900920471604556,0.0007849464562470744,61.29
626.093773614378,518.3379991131612,527.287692085185,0.80255,250.16355606226318,157,1.1354488942988776,0.0007224697601053579,60.13
586.9212183462223,653.831869084806,568.7565896223933,0.73037,382.2772330671372,89,1.0639565601031584,0.0007741029053062109,61.79
826.4778684194139,658.8765965524597,519.920485478825,0.81335,741.6327692938695,22,0.9285355461329681,0.0007801816144026092,58.28
1022.893005346099,605.3486358953412,573.3503760545364,0.72068,341.83038997224986,22,0.9344420006284242,0.0007348981959303528,61.67
633.4866349030009,613.457004027638,501.53096702055,0.83846,113.67729896650808,104,1.141824094834206,0.0008269133517639622,59.44
748.1321425449764,532.3006751403825,598.9266183952444,0.65454,898.0120129130362,162,1.0203346532069857,0.0007725596001327728,63.15
985.541575690943,688.4549432858956,563.9312743034549,0.74007,879.9970689878096,241,1.036726993875623,0.0007656244257306982,60.85
646.3523947717473,579.1839528584204,550.6468000046098,0.76472,993.1852834601824,75,0.9721644631523547,0.0007462586199543486,59.51
551.3485523891312,596.8784244023773,556.1656775130955,0.75481,1010.0541577440192,69,0.9629434982477151,0.0007462517293179766,59.52
1111.6102002341752,677.090402294183,589.1485467307482,0.68296,135.2060705242361,214,1.1279091877063903,0.0007921226061295888,63.82
1183.7290976330614,682.9703401333138,527.5231890360379,0.80219,704.5140334860021,137,1.0427781391609536,0.0007248211115739792,59.01
692.5432788272361,571.7886303000289,562.3673245284953,0.74312,10.128863515532172,129,1.1518005627523478,0.0007410243503940009,62.08
584.0996856341538,569.2663337834689,580.9267126522831,0.70356,589.5446405983101,72,1.0076962891085555,0.0007096509953032134,61.77
724.4420427143261,581.7224590662032,593.5101019475372,0.67091,968.7754503208598,97,0.9819402456635988,0.0007852581224463023,61.94
951.9445711131775,518.5093830358868,535.3635521431233,0.79013,466.77155108119484,3,0.9466190210619856,0.0007546451227225738,60.02
669.4291427619411,525.2653329590453,502.697375703744,0.83694,829.3204913732553,59,0.9785915535130941,0.000783721488683945,57.4
544.0199148205123,661.3722410902094,557.4986975078388,0.75235,637.3444085224761,75,1.017317525093183,0.0007817475235252368,59.79
1032.967064554382,552.7389335479777,502.7960639210457,0.83681,579.0460803118452,90,1.04217762833903,0.000799151019249524,57.96
891.854329062133,649.9527747065404,533.9755950884619,0.79231,1171.3204047730349,127,0.9823174479193281,0.0006995383880183695,58.37
684.7790503216978,615.6422327835924,529.6755916912836,0.79894,551.105912914706,137,1.0776925084947229,0.0006968801107154484,59.51
895.216549650549,583.07622255829,529.9093174893468,0.79859,398.8187013542205,245,1.1157431038712122,0.0008095658006959184,59.26
862.4934604374638,553.1393941972508,509.2535315811886,0.82822,194.35939165854776,24,0.9950263329860591,0.0007998337720587848,58.85
839.6387487026112,567.0421803711541,552.737514594425,0.76102,689.2303789527349,178,1.0597744272806522,0.0007789107261142213,59.68
1117.051074816573,575.7702930800372,500.4275903918633,0.83989,658.4524104615028,120,1.0484751992370471,0.0008058305507452275,57.65
912.0813263371363,503.4489000492976,591.8847065673738,0.67551,703.7942000308063,65,0.9686655227335655,0.0007237310631659027,61.74
1170.7206832746965,663.0031351076101,516.1883867947904,0.81865,1006.0122101197605,194,1.01662015407874,0.0007984497066673062,58.56
727.3908058563127,612.3403257337916,523.8786827243218,0.80761,619.5628630186517,44,0.9675298655884248,0.0006519504486663341,58.62
923.9663281809339,564.8642187904333,569.1792463384521,0.7295,1172.471381693269,167,0.99196277016718,0.0006586625207078148,60.09
1161.932380875633,558.5922667959883,537.9944221422007,0.78595,91.73224333040115,235,1.1600939172658273,0.0007980455196882351,61.23
884.269826610072,621.7388441509586,575.7521983456336,0.71542,349.3383381147834,92,1.061302858878694,0.0007799734748390982,62.17
635.6389120629599,650.2788106974524,527.348678671011,0.80246,384.61040188176185,155,1.1135413550990472,0.0007995727428304283,59.92
703.4247231497866,556.6010666400165,516.0411588710034,0.81886,1101.6087637055198,160,1.0060462701275983,0.0006859685925865291,57.5
617.8773206717694,519.7290672312128,528.0851520663207,0.80135,116.4239287201031,42,1.0295623283160973,0.0008051635682848771,60.06
1129.825308973598,641.1159302140684,510.3787448348734,0.82669,982.1103266699532,243,1.0231005994026696,0.0007296490470813204,58.53
839.3708248798583,572.1541105266616,547.1155032098549,0.77084,98.97623705421601,128,1.1397512238609635,0.0007635526573151339,61.0
1069.9924419150948,694.9245745777913,548.1375189474711,0.76909,463.11045620522157,219,1.095854640091785,0.0006966935388593593,60.7
991.005816935954,635.6699658879542,547.5854795571441,0.77004,118.52461055235732,123,1.130410199699945,0.0007804932956849082,61.03
797.4355346946486,528.8460789721568,542.9138250211154,0.77792,713.5776306753246,2,0.9207566414426406,0.0007732804195471427,59.81
722.3975088929093,563.9305050025507,502.9714485439031,0.83658,774.8199435629681,125,1.0405302071947364,0.00076143656026145,57.25
1144.65160598252,636.4700226750974,579.8299857417597,0.70614,976.2948458642496,93,0.9731965856455795,0.0007063489274052943,61.15
830.9479613688211,580.7009403647647,561.2484382768534,0.74528,583.7472802035096,92,1.0352862323327818,0.0007443078260834828,60.85
557.5310415125972,611.3282198258661,528.9984767562345,0.79997,715.3862471276665,156,1.0626434837006242,0.0007596327858999689,56.44
1041.2337028685017,640.2917084251424,513.7531931021879,0.82205,706.0037437289673,184,1.0590501973770003,0.0006918548593347497,58.87
1172.3048535208763,669.9851169238825,503.343314407324,0.8361,561.6550051921387,89,1.0417512926788348,0.0007225744653628753,58.85
598.165744678113,625.2131175763527,533.2791115668178,0.7934,942.4475663607901,65,0.9691587174304955,0.0007039802326441571,57.79
865.7740178208792,594.118505966044,595.672471397487,0.66459,617.4119922782668,145,1.0460808382995401,0.0007613263418305405,62.82
615.7059497851176,542.3379107936935,534.3257414759039,0.79176,14.329354222092052,134,1.1686789694016897,0.0007942530206506193,61.26
887.8288010681558,563.7663463431388,516.9712127134263,0.81755,454.91989825345456,39,0.9756894834112942,0.00079504112421857,56.8
691.4845217620386,546.8950210983459,572.8538642252338,0.72175,155.02664517361282,41,0.991957605880729,0.0006856314269328204,59.28
768.459020739594,624.2895108394684,565.094451538448,0.73777,116.04421244759149,106,1.1150582253252586,0.0008783167684532321,61.97
1166.970463119236,655.8275776324085,531.7471587721948,0.79577,478.77883050839284,199,1.0913451068400202,0.000740463889748562,59.82
800.2983407303766,644.3722390021182,533.5019734288192,0.79305,337.8188013675912,131,1.1053767110417076,0.0008251856306627317,59.84
1071.4901806478056,635.2741528044987,550.5720532579295,0.76485,423.8471095533543,55,0.9994032475393015,0.0007541708053927258,60.38
647.9922674870868,646.7045848510173,537.8792653046213,0.78613,841.2028928642115,89,1.0100156408647054,0.0007773342002716418,59.34
1086.234882148622,607.4078971975673,574.4871461274922,0.71821,218.9353228617677,84,1.066840633065569,0.0007724069683640593,62.75
1050.6169134897978,551.8835830181401,568.2711674622288,0.73137,1055.8059661100683,32,0.8790656383144761,0.0006804153189757103,60.4
965.5560380355548,537.8920539619116,548.5946044545447,0.7683,479.86184648338434,80,1.036414550247627,0.0007823086907303054,60.17
736.4650720013324,526.3321510123565,582.1084383975376,0.70075,595.9634198727446,96,1.029660186006784,0.0006985084943745008,61.87
1043.5461592705194,612.7007181246206,521.3736350943663,0.81126,929.8634244640008,64,0.9611932283620912,0.0007899591742926609,57.93
1152.7223290992563,514.4043476846649,505.9536090222938,0.83265,141.22508394512343,30,1.0002857914711984,0.00084574456737574,59.18
605.3168485225914,566.2368683609931,500.5274055646113,0.83977,955.934233347514,233,1.0381992777097815,0.0007829019431408298,57.4
581.2512620375156,569.6023328426777,567.3906266315433,0.73316,187.12495367018056,28,0.9670413703177001,0.0007744755894815526,61.39
526.7902683779081,698.554832342704,581.1424907195778,0.70305,790.916426736516,190,1.051072950903055,0.0008196283682655979,62.17
701.1882356265332,580.3000470593117,545.5550080299945,0.7735,645.6349190546669,119,1.0527497325877775,0.0007430549683411205,59.74
539.9039452037575,543.5080094460093,543.4744663947056,0.77699,238.23689718001899,187,1.1423928815146132,0.0007568237502177849,60.39
965.2471855111119,583.5642555709712,563.6051982643913,0.74071,329.76818507532494,129,1.0913468286300942,0.0008363276731308875,60.94
821.9485160696731,691.4892534092061,532.6495018419047,0.79437,906.767577147674,26,0.9085600057145268,0.0006716796136592834,58.72
920.1078361724179,624.1884829433585,596.7028401945613,0.66148,607.8349771920998,189,1.0580413370766342,0.0006542784991539264,62.88
780.6207544512944,601.0419399594559,552.1795938956842,0.76201,16.57834497055102,7,0.9892678588050579,0.0007824846928205175,61.16
1075.1540830823178,699.2646894890346,578.3438701204587,0.70957,186.41221095513228,94,1.0800107154085408,0.0008112744166939779,63.01
891.0565442820889,677.9493638553246,553.800440763837,0.75911,593.221967829102,209,1.0785483389900639,0.0008156570253459325,60.68
993.991197577418,662.123772371222,516.8658057241831,0.8177,327.237699493329,208,1.1241869830850084,0.000745030015287283,59.49
866.6358665920413,565.5049225742116,594.5229291188659,0.66798,1043.702204048527,110,0.9811145830875292,0.0006780954445642644,62.41
638.067599137485,668.0976034422573,564.8607663030926,0.73824,355.85419925050695,110,1.0859196069876758,0.0006804545467476193,61.86
589.0568365483892,533.5158541815457,542.7089677093643,0.77826,1159.6210912915694,131,0.9911921803479247,0.0007286476223779236,55.82
550.6823646849009,545.4511697530012,577.4721676216814,0.71156,1197.9144276672378,79,0.9503066812087047,0.0006861990256026096,60.76
1106.5559115589676,526.0690990068898,578.8546038690009,0.7084,468.90261983001864,200,1.082161114459772,0.0007820229382334945,62.05
1031.522285381386,660.0788408121788,560.7985926926507,0.74614,449.74163534700347,115,1.0655087937236365,0.0007430870878405568,61.3
934.5245716218594,605.637389438802,576.9280917661,0.71279,866.3881343921684,218,1.035928113453854,0.0008246643703086682,61.55
791.6723182310511,647.5742726781573,533.8585291870537,0.79249,131.02410814636934,112,1.1305693343028353,0.0007198324550897798,60.62
530.4766574338033,606.9138006032571,535.7486722666041,0.78952,1142.4620708283262,52,0.9244800450475265,0.0007125314175436867,58.1
992.9381068189605,668.3169179029669,532.4792429045075,0.79464,1073.2499563715407,72,0.9543130870719714,0.0007068380782839652,58.63
960.751358325432,566.4536139412442,534.1786333624876,0.79199,1050.4718423153972,138,0.9990556588176895,0.0008050776716133583,58.96
895.6530606429753,687.5661442749333,548.8205023873079,0.76791,556.8434391729227,64,1.0053479892172859,0.0007927254147549529,59.89
845.74292312629,535.2382219151771,542.5904081291386,0.77846,981.7517830563896,82,0.9781703624165241,0.0007422542480786105,59.21
747.0546610281452,551.0806663547478,539.818914092471,0.783,693.2415211897693,14,0.9250152646584413,0.0006744529800440422,59.23
599.9025436263622,657.7191270256242,535.8126527766049,0.78942,60.11604477344612,227,1.180505236672734,0.0007452206444390374,61.27
1119.5019925676677,622.377490387882,518.9003322894094,0.81481,699.7893929152829,12,0.925891755723034,0.0007769081490560932,59.01
574.9558671125676,662.2329514648773,570.9875941932819,0.72572,493.0622791003992,118,1.0699493120491808,0.000819632583518724,61.68
511.525347782458,679.9380056971223,581.9356477647639,0.70116,1068.0515310065175,87,0.9719598654844069,0.0007118982196059778,61.42
665.6397678334602,567.6386920485196,506.5386525625441,0.83187,599.874897794441,16,0.9516650596107986,0.0007211076499524827,58.19
652.3824267507849,659.5577489164701,592.2829761578278,0.6744,1088.2877918850204,205,1.0117950584510542,0.0006975853626213062,62.0
674.7851924149822,693.5136596020986,550.3567249586833,0.76523,475.4827781454649,125,1.0792660106974172,0.0007046800174810385,60.31
814.4540467914655,573.6056547747476,549.2759556019869,0.76712,181.86521081379124,28,0.9768689597568111,0.0007926608651280534,60.38
757.3021428955585,534.3160837822289,550.0033953252113,0.76585,206.67007739883815,247,1.1468585337802732,0.0006291160520227051,60.75
828.4485160333176,540.4084161810669,573.4278133663056,0.72051,474.5174285383761,112,1.061715973231554,0.0007780165702659479,61.85
556.4808152958939,668.4913548578489,589.6734621562898,0.68156,77.28894908962312,162,1.1428844465518595,0.0007544532940164034,64.26
798.5053859092095,683.7480588288026,515.8723934842733,0.8191,1191.6908210345657,17,0.8859682174609917,0.0006984249817840683,57.96
1055.5337762809907,606.5006715223412,588.3140050096376,0.68517,504.77167454239884,16,0.9051952699890211,0.0007933584654672378,61.33
713.506992381724,614.4820614830121,510.7631995558495,0.82617,393.77866096616566,50,1.016069109022999,0.0008069022773810524,58.81
786.9265054235653,574.0501787737211,562.7098622008209,0.74246,336.2086461667862,65,1.03236929646695,0.000842248854580268,60.84
815.6843224588333,647.8103846051649,521.6966343981878,0.81079,531.2219548465766,231,1.0957706530453075,0.0008406367764540547,58.96
704.1094257498418,512.865019177097,591.7843777009297,0.67579,719.364068312396,84,0.9991852587163832,0.0007797875535425327,62.86
725.773200966052,502.8570551950391,522.5342610371113,0.80957,499.4969658679117,33,0.9610161995023608,0.0007627028801027751,58.86
595.8181893570915,614.3611864280655,503.4543938841913,0.83595,231.69470660164913,48,1.03798418818789,0.0007734259565889919,59.17
1170.463819322325,571.8750935446122,529.781165783888,0.79878,1047.4162449662017,142,0.9993267498871257,0.0006914310832945125,58.4
948.098351943833,622.6655657561961,536.9420365913971,0.78763,776.4901214681535,80,0.9994439226150407,0.0007579580624849038,59.06
1068.6321554239894,559.891433771886,508.7834555697011,0.82886,817.3643105882586,190,1.0424679178215766,0.0007607061973665565,57.8
548.2268650700122,527.7987823699519,586.4718027050976,0.68994,287.7750203792505,186,1.1199808844515924,0.0008308771997913673,62.84
690.7644353855962,546.3369919884298,539.6218665467619,0.78332,299.3762612931022,17,0.968306167357868,0.0007371785561512703,59.84
933.1509152295014,544.8485456807989,597.6795601920774,0.65847,1058.8871438411475,243,1.0097277915434633,0.0007394678282671537,62.83
931.4578950333159,638.3402048405168,500.2348665013074,0.84014,587.2488305250532,14,0.9484178646966445,0.0008179917510908882,58.27
1109.079763728625,526.6359904987005,589.4950678268672,0.68203,264.36590011748063,98,1.0639613048487062,0.0007765660204689001,63.12
837.3135424137567,575.9220695108071,596.8401717866575,0.66106,104.40806102221622,5,0.9339347384102827,0.0007085223228990379,63.68
860.5762363754443,612.0941025034275,511.94764137198797,0.82455,820.2898650297402,85,1.0047250621004575,0.0007003791369806967,58.31
649.5915243985746,684.8195852023008,579.5236149690544,0.70685,166.46035781571544,13,0.9526539619148445,0.0007352014807784357,63.24
728.4669887359998,694.545858717939,569.260572129555,0.72933,1060.7836864981725,105,0.9851555835141206,0.0006860836356045922,59.57
601.8765990073264,645.104592902163,558.1641083011011,0.75111,941.0793805401078,186,1.0348692508788302,0.0008005568021293809,60.07
546.4463479240856,616.2028843561732,536.6711548036117,0.78806,1064.1783536064886,195,1.0210509337310814,0.0007872411114848792,58.56
999.6815714090255,542.9015235674223,539.7041184330691,0.78319,550.1409616760061,77,1.0264110769716708,0.0007817692332279293,60.44
838.382591301722,590.6365560786862,501.96085348444126,0.8379,32.550714217395914,46,1.0603239401311666,0.0007565112039383548,59.59
894.416945331731,583.7649541195063,558.9579360448823,0.74963,272.1138926834351,52,1.012382902635859,0.0007369835490643037,60.9
592.6472068432531,616.7895036347376,560.6753352026251,0.74637,791.8319194918333,1,0.9087239600528038,0.0007612351046896551,60.29
542.1404365591627,548.5683669193752,593.6660741443815,0.67047,54.66940884369003,166,1.1448711028440606,0.0007309166267891702,64.1
775.1405179074305,504.86120428363085,520.2065094225364,0.81294,129.9319781067591,231,1.169199491626515,0.0007439725675812149,60.46
916.9575759371893,608.7991229380054,561.4161399665772,0.74496,681.5838406553396,214,1.0645652244523376,0.0007981504262196115,60.78
655.6452723865325,661.6561956362261,567.2363401327531,0.73347,747.9913624979096,140,1.0453139950440562,0.0007714065697252023,61.44
833.0699082730143,500.8363411772235,507.67428411797135,0.83035,852.5831226160885,172,1.0414245071092465,0.000752898315321187,58.06
1025.2366656714366,699.1312396827298,561.18670355379,0.7454,377.62357484993413,141,1.0893751191369903,0.0007257929126710616,61.57
968.6261273450007,648.3252860295463,549.9906933256451,0.76587,749.4067357768174,207,1.0536437979984985,0.0008068538874281773,59.78
578.8572871466159,580.1935488010507,588.2847193739954,0.68524,948.9423754047016,242,1.033832150896012,0.0007236385945504402,61.78
581.9658383387924,514.7352457313937,589.757089338096,0.68133,424.9119812408748,244,1.1029381630852904,0.0007263576454065826,62.91
807.9024355614406,554.0314554266695,579.0008332606639,0.70806,947.0745911489468,182,1.0226346099815167,0.0007799725500931833,60.97
906.8761118154117,578.2220085800097,540.8292313207937,0.78135,261.2517660999345,146,1.120421181916721,0.0008025638492322044,60.51
966.6487391767996,559.2799984300387,510.8232370323234,0.82609,823.1441939641375,107,1.0179158570947866,0.0007928912732178807,58.36
997.2206733016924,569.872844417565,580.2431557519234,0.70517,1208.9443387283857,100,0.9566600531036596,0.0007020173247725917,60.87
995.3240651820481,654.4570805709952,544.7629862821451,0.77483,612.9808852012163,11,0.9241688242787496,0.0007560538817638516,60.11
970.0666231203166,612.5763129751695,515.0949043629331,0.82019,1074.4815859729122,208,1.0100175028197915,0.0007504761509679853,57.68
1064.3286751950632,623.8436207038517,525.7199686016974,0.80489,950.231341656565,49,0.9305464407823144,0.0007217506541542376,58.38
1195.0366218871732,550.2589096865565,595.848725269971,0.66406,1007.1463923093744,142,0.9920013706031731,0.0006995859556851923,61.2
903.0129255432316,694.2265218052776,599.3875319926517,0.65306,334.6667019359313,188,1.0921923558652515,0.0006497017561980498,63.85
761.8325303568358,677.5489715104858,509.41452940163936,0.828,1071.6921003855443,155,1.0080525500374031,0.0007126601921434464,57.68
906.2025832493289,605.0840945118302,596.4625391588303,0.66221,489.2175936056038,116,1.0469940556090795,0.0008525104694328574,63.04
1160.6888263669016,528.027385272411,586.8819680005137,0.68889,1205.5177901189486,234,0.9903951241361506,0.0007506229402165861,61.33
619.097724859107,618.6577346939395,595.1803446325979,0.66605,914.3107301453446,112,1.0039789201305922,0.000737457593548064,61.93
1126.5136873754414,698.6751415754313,526.6545693918819,0.80349,862.1982283889026,54,0.9503470789163975,0.0007392875159209056,58.99
566.3303625069631,624.6085502594229,544.1677793333591,0.77583,295.4519902438211,195,1.1348766935198775,0.0008297333649574278,60.56
1093.9206453065005,632.0774160241382,572.4271862138689,0.72267,152.95675985751592,27,0.9553401996677857,0.0007216905784747613,62.19
705.3627888908334,671.077122000062,546.8322129194239,0.77133,320.655299666851,188,1.1216349649080415,0.0007585485861002179,61.05
583.9694796379066,661.4444914599896,591.2849778425887,0.67717,122.08321586375766,203,1.1424005928287062,0.0007328640110010199,63.7
802.9743263387529,512.2335291507837,521.4430788233037,0.81116,808.2497433175027,70,0.9899695456878111,0.000759787166221873,58.66
1045.4533587764793,607.0868268331014,540.3837892584143,0.78208,766.7658951715906,38,0.9254352055117883,0.000780264369973781,59.52
552.6545815036642,540.1917732789531,595.499431165928,0.6651,1196.252158903467,185,0.9981710208927984,0.0006935043842768659,61.37
1025.9786504928838,504.01203573086383,539.1832848348902,0.78403,563.5264979389681,37,0.9472490222291198,0.000723065417829101,59.47
875.230031985956,553.8240675321205,523.7899762249355,0.80774,641.5319194960117,120,1.05315231210607,0.0007419868639753871,58.93
946.2884939401998,516.512575312393,580.7194896455024,0.70405,990.56952217468,239,1.0225499698298894,0.0007356922465135626,61.38
835.8936828907325,630.8143443943657,518.5826734126637,0.81527,279.9152505394283,201,1.1361696004712882,0.0006925586106575189,60.24
956.4317603182196,575.3992461007305,508.41479775385795,0.82935,735.2678034507586,74,1.0042375978733402,0.0008006606841892901,58.03
1107.2873047480125,682.6401302656998,575.9426840093815,0.715,1188.441313239675,191,0.9895490588427615,0.000705292523175421,60.46
517.8894637744183,601.8391235023428,547.3406050908186,0.77046,1054.260496772921,54,0.9350555047306192,0.0007775180027359077,58.86
1118.1669943244087,661.0164991028123,556.8595659458306,0.75354,1193.6675220222744,159,0.98435874286845,0.0007397456674268702,59.8
953.0108330296604,600.6478872001063,597.2216949601657,0.65989,627.5909929205718,130,1.0356967041215914,0.0007736828201580628,62.94
747.3801280505438,685.1775039701351,546.6289191491978,0.77167,457.93825663536114,29,0.9491677680250513,0.0008156716435983143,60.47
805.6342802461098,644.6769284808022,562.8795219896734,0.74213,1097.3445996154749,180,1.0062563389613468,0.0007910705404152676,60.01
